surrogate_key,natural_key,full_date,day,month,quarter,year,day_of_week,week_of_year,is_weekend
120d7032-7bc0-4334-ae78-3816d2f26d64,20160904,2016-09-04,4,9,3,2016,7,35,True
e4f24bec-4b01-48f0-9d4e-76a2b0280c14,20160905,2016-09-05,5,9,3,2016,1,36,False
a2cdfda6-157c-4aca-b2e9-90a676ad0cc6,20160913,2016-09-13,13,9,3,2016,2,37,False
c3da5678-672e-42a2-a00a-001ace91d16e,20160915,2016-09-15,15,9,3,2016,4,37,False
a10b5969-5b93-4101-aabb-e947bfac80f1,20160919,2016-09-19,19,9,3,2016,1,38,False
f7846c77-9ff8-4a74-8616-69af618e228e,20160930,2016-09-30,30,9,3,2016,5,39,False
7323c031-d106-4731-a0a8-e10430591f48,20161002,2016-10-02,2,10,4,2016,7,39,True
5c0b974e-8c63-4c6c-b9ac-b2886b4895bd,20161003,2016-10-03,3,10,4,2016,1,40,False
2e89d960-8f5e-4e32-9a1f-cf5e6afa804b,20161004,2016-10-04,4,10,4,2016,2,40,False
b21635ee-8293-452a-bc22-ab729cbf3671,20161005,2016-10-05,5,10,4,2016,3,40,False
93444e36-7f2f-40f0-96f1-fbff4c781b4d,20161006,2016-10-06,6,10,4,2016,4,40,False
4c4972ef-af1b-49a2-8d63-8547467aca43,20161007,2016-10-07,7,10,4,2016,5,40,False
65455310-fa58-450d-9b36-11424e511ac5,20161008,2016-10-08,8,10,4,2016,6,40,True
6bd9b92f-dc42-4d96-90b0-6047b52adcd8,20161009,2016-10-09,9,10,4,2016,7,40,True
e2f57ab7-199b-45be-a686-d6c13ab10143,20161010,2016-10-10,10,10,4,2016,1,41,False
6934b984-bbcf-4db0-ba47-65f44fc4a76a,20161011,2016-10-11,11,10,4,2016,2,41,False
9133efa7-3a0e-424e-96b7-f0e11a472428,20161012,2016-10-12,12,10,4,2016,3,41,False
7949a256-ffdc-46a3-90b3-afedf30c5a6b,20161013,2016-10-13,13,10,4,2016,4,41,False
cac5a98f-9748-4fd9-bfbf-e1c14d1e9adf,20161014,2016-10-14,14,10,4,2016,5,41,False
1f033b9c-4fce-4d09-9c57-49a85c84b14a,20161015,2016-10-15,15,10,4,2016,6,41,True
2072c212-c169-4bd0-8d4d-f33fb209e760,20161016,2016-10-16,16,10,4,2016,7,41,True
f2feb681-2b3a-4bee-bc1e-57f4e572512b,20161017,2016-10-17,17,10,4,2016,1,42,False
fae1f955-bda6-4541-aa40-78aa3d2c9925,20161018,2016-10-18,18,10,4,2016,2,42,False
f38db479-5318-49fd-becc-06d5420d79d2,20161019,2016-10-19,19,10,4,2016,3,42,False
7126361e-ff52-4670-9b44-a6c9e1984a55,20161020,2016-10-20,20,10,4,2016,4,42,False
2147872c-5c82-4043-a8b3-5f2c912bb461,20161021,2016-10-21,21,10,4,2016,5,42,False
c9213735-45f1-4bf4-997d-51b33a8489b1,20161022,2016-10-22,22,10,4,2016,6,42,True
238b47e9-7efe-40b8-bb64-912ac7b1c183,20161024,2016-10-24,24,10,4,2016,1,43,False
4c21c459-2da1-4bc9-b49b-2e57e986195a,20161025,2016-10-25,25,10,4,2016,2,43,False
5db73c23-1ef3-41e1-9654-0a74da5c6659,20161026,2016-10-26,26,10,4,2016,3,43,False
47943472-cc6f-4985-970f-a4a19740a8dd,20161027,2016-10-27,27,10,4,2016,4,43,False
82018a10-b2b2-4233-bdee-4afa566404a4,20161028,2016-10-28,28,10,4,2016,5,43,False
3ef608f4-2154-4b06-8f4f-904b82c70ad1,20161029,2016-10-29,29,10,4,2016,6,43,True
ce1cee12-880b-4cf5-8013-6cce48a07ccb,20161030,2016-10-30,30,10,4,2016,7,43,True
d7015a68-6521-4a6d-b88b-2d4d5817dba8,20161031,2016-10-31,31,10,4,2016,1,44,False
017e33db-d9a4-45be-9958-097f3ec6e029,20161101,2016-11-01,1,11,4,2016,2,44,False
5d6e2975-1dd0-4bcf-b70d-5a505e88e13b,20161103,2016-11-03,3,11,4,2016,4,44,False
5a5286c9-5a4c-4f94-aba3-63fdd82f533d,20161104,2016-11-04,4,11,4,2016,5,44,False
24e5b921-5bb9-4b0b-8f2a-f2258a011f8e,20161105,2016-11-05,5,11,4,2016,6,44,True
c9aa0031-ce61-4f9f-b5f4-1c4c0ac41cc8,20161107,2016-11-07,7,11,4,2016,1,45,False
a0f7904b-f366-4985-af14-b325e84f96b7,20161108,2016-11-08,8,11,4,2016,2,45,False
dee5383c-b395-49c4-b9f2-c6677bc48803,20161109,2016-11-09,9,11,4,2016,3,45,False
e5f90be5-e560-406a-87e5-f979cdcea209,20161110,2016-11-10,10,11,4,2016,4,45,False
cc8aa0bf-f074-4506-afa6-9fdc1db5f678,20161114,2016-11-14,14,11,4,2016,1,46,False
289eb6fa-7a22-42a5-9a93-0255b43856d6,20161116,2016-11-16,16,11,4,2016,3,46,False
a8512c7b-7112-459b-999e-816224765483,20161117,2016-11-17,17,11,4,2016,4,46,False
9dd7dcb7-ad30-4301-8edc-5a088606db4c,20161118,2016-11-18,18,11,4,2016,5,46,False
12ba1c04-fbc3-4826-ba38-804ca591f198,20161121,2016-11-21,21,11,4,2016,1,47,False
16de2511-233a-4df5-85ed-243ea58b1050,20161123,2016-11-23,23,11,4,2016,3,47,False
360f4f9f-108e-4766-99e2-849bc6e0fcdd,20161124,2016-11-24,24,11,4,2016,4,47,False
1321192e-97bf-4f15-8815-227df1a3329e,20161125,2016-11-25,25,11,4,2016,5,47,False
c13a4776-1fee-415d-a69d-73fe61ddaeec,20161126,2016-11-26,26,11,4,2016,6,47,True
1f741b47-5cd1-4153-88b3-d4a774da3435,20161128,2016-11-28,28,11,4,2016,1,48,False
e8db12c8-5b9e-480b-911b-d8852e8292a6,20161129,2016-11-29,29,11,4,2016,2,48,False
b47c65b4-7d13-4928-9643-8818aa14bd6b,20161130,2016-11-30,30,11,4,2016,3,48,False
6bc7801c-463c-469a-8a08-273034406a4c,20161201,2016-12-01,1,12,4,2016,4,48,False
65b05c4c-ced6-49d9-aedb-cc3ecd72030e,20161202,2016-12-02,2,12,4,2016,5,48,False
9886d844-a300-48fd-bb63-473c5961596a,20161205,2016-12-05,5,12,4,2016,1,49,False
15a123e8-49a6-4dc3-8ac4-8c157b35b4ea,20161206,2016-12-06,6,12,4,2016,2,49,False
3b2755d8-9453-4ebd-87ef-34a8e646194d,20161207,2016-12-07,7,12,4,2016,3,49,False
35e355d5-52f5-4d23-93a3-ad0b9cdd7d8e,20161208,2016-12-08,8,12,4,2016,4,49,False
27a78c59-04b1-41a3-ba26-a0baffd17cd7,20161209,2016-12-09,9,12,4,2016,5,49,False
4e58f392-3d82-466a-bd9d-09173c316380,20161212,2016-12-12,12,12,4,2016,1,50,False
6c742a50-cfb0-494f-a98a-3526891316a7,20161213,2016-12-13,13,12,4,2016,2,50,False
c21181cd-32ae-4e7d-8339-7273cdca7abd,20161214,2016-12-14,14,12,4,2016,3,50,False
a564a984-5682-41f7-b27f-f552ffd65ca6,20161215,2016-12-15,15,12,4,2016,4,50,False
3d2230b3-67c8-455e-809a-19ad855bb11c,20161216,2016-12-16,16,12,4,2016,5,50,False
8fecb867-c66c-4d9f-a590-1244fc6c05c4,20161219,2016-12-19,19,12,4,2016,1,51,False
7093bb7e-48ea-4bbd-9ed6-3de747e55eb0,20161220,2016-12-20,20,12,4,2016,2,51,False
fb4702e9-b7bc-417f-b334-7612d5688844,20161223,2016-12-23,23,12,4,2016,5,51,False
79a4b3ed-5dfc-4be4-9c5b-e7a0c5ff73b2,20161227,2016-12-27,27,12,4,2016,2,52,False
725e909d-bc7b-4b7d-9682-aeccd06caa35,20161228,2016-12-28,28,12,4,2016,3,52,False
6cbd2628-af2c-4567-b32d-37bf4c617748,20161230,2016-12-30,30,12,4,2016,5,52,False
1825d397-cc17-4f3f-b29d-8b522905e501,20170105,2017-01-05,5,1,1,2017,4,1,False
3015b6f9-6ec9-45dd-ac57-e281cc4f3b1e,20170106,2017-01-06,6,1,1,2017,5,1,False
3a798c27-6e7f-41c6-af38-aca88482b930,20170107,2017-01-07,7,1,1,2017,6,1,True
db3bb38f-5fe3-4ccf-832a-a8a3fc886399,20170108,2017-01-08,8,1,1,2017,7,1,True
3819d936-0ecd-4665-9c4f-5d39ffac34c7,20170109,2017-01-09,9,1,1,2017,1,2,False
19f05a49-9299-44d1-80d9-81bf32b709fe,20170110,2017-01-10,10,1,1,2017,2,2,False
3bfeb278-3429-4f81-9940-e4af1f7354f7,20170111,2017-01-11,11,1,1,2017,3,2,False
92fbf905-205b-40ec-bc3f-8f707aeba654,20170112,2017-01-12,12,1,1,2017,4,2,False
8df4d978-22e6-4252-ad19-a2ec2f0dc8be,20170113,2017-01-13,13,1,1,2017,5,2,False
33d59c5b-0cf3-4f81-bd84-491c9ec522d2,20170114,2017-01-14,14,1,1,2017,6,2,True
74a2a02a-8127-447b-b69e-2f7b3a2d4a66,20170115,2017-01-15,15,1,1,2017,7,2,True
a59b36ec-1c60-40bb-95c7-a48a98cb9a14,20170116,2017-01-16,16,1,1,2017,1,3,False
022061b9-3b92-418a-a5e4-7dd15796000a,20170117,2017-01-17,17,1,1,2017,2,3,False
1ccdfc2e-9204-48d5-bb2d-3ca9ad280ac5,20170118,2017-01-18,18,1,1,2017,3,3,False
4a2cbc15-86fe-44f9-adac-f692e10f543c,20170119,2017-01-19,19,1,1,2017,4,3,False
9f96d40d-639a-42e6-85b6-1fdf8531ede3,20170120,2017-01-20,20,1,1,2017,5,3,False
539b13bd-9c36-4297-b1e6-c36fc1b92ebf,20170121,2017-01-21,21,1,1,2017,6,3,True
1080100e-c3b6-4598-b1f6-3d08446b518d,20170122,2017-01-22,22,1,1,2017,7,3,True
84b6a90c-2578-4d51-9189-db6a2e3cc4aa,20170123,2017-01-23,23,1,1,2017,1,4,False
5c5c2670-7484-4743-a673-5d9fce540e6d,20170124,2017-01-24,24,1,1,2017,2,4,False
35f44744-b64b-4ea0-9797-b12ca48bb791,20170125,2017-01-25,25,1,1,2017,3,4,False
b08dd53e-61f5-4e67-b887-3db27e73ca3f,20170126,2017-01-26,26,1,1,2017,4,4,False
16051105-974e-4b7d-aab1-fa35868ed828,20170127,2017-01-27,27,1,1,2017,5,4,False
bb8011b0-6cf5-4019-9137-238a6918cbb0,20170128,2017-01-28,28,1,1,2017,6,4,True
4f916b4c-23e0-4622-a362-7a99bdc8081a,20170129,2017-01-29,29,1,1,2017,7,4,True
9f24183f-73a8-4d3f-a76c-c62342e0c037,20170130,2017-01-30,30,1,1,2017,1,5,False
fddd4258-f759-4f49-9ac3-7e648540b31a,20170131,2017-01-31,31,1,1,2017,2,5,False
ac1c7a7c-25bb-4a2c-b356-60f4d61aa82b,20170201,2017-02-01,1,2,1,2017,3,5,False
ac7242e6-4945-4712-baef-93d0e5039725,20170202,2017-02-02,2,2,1,2017,4,5,False
83d49e91-640b-4ace-b7ac-76c10d76e92e,20170203,2017-02-03,3,2,1,2017,5,5,False
ea8102f1-11d3-4a5f-b6e8-3d7128ed0246,20170204,2017-02-04,4,2,1,2017,6,5,True
fa94f8db-d2e4-43e0-af98-feb20b484825,20170205,2017-02-05,5,2,1,2017,7,5,True
327feefc-e7c7-4afe-8dc7-783f16c59549,20170206,2017-02-06,6,2,1,2017,1,6,False
27b5097d-6e98-4991-8b7b-eeedda0c787d,20170207,2017-02-07,7,2,1,2017,2,6,False
6981cdc7-2177-45da-83e7-dc483efb7056,20170208,2017-02-08,8,2,1,2017,3,6,False
2acb3a7b-cc9a-4fca-bb71-0073819819f0,20170209,2017-02-09,9,2,1,2017,4,6,False
08019028-d350-4d49-a46d-fc1c4fbd2400,20170210,2017-02-10,10,2,1,2017,5,6,False
d38851f3-dc5a-423a-b451-c2bdc8c2d81b,20170211,2017-02-11,11,2,1,2017,6,6,True
beddab8f-8de3-4a19-a14b-e827119e08ef,20170212,2017-02-12,12,2,1,2017,7,6,True
4dcf08cb-7f17-4670-8935-b55bfddd8bec,20170213,2017-02-13,13,2,1,2017,1,7,False
f6998679-f8d2-4333-b1e4-917ba8fbea3f,20170214,2017-02-14,14,2,1,2017,2,7,False
d479d6fd-ab84-42fb-a879-aa7ae3d264a6,20170215,2017-02-15,15,2,1,2017,3,7,False
fead3f03-71f1-4f56-a930-1cbe129c1dfb,20170216,2017-02-16,16,2,1,2017,4,7,False
4bcd8732-6ed7-493b-a954-d52cea867a33,20170217,2017-02-17,17,2,1,2017,5,7,False
298dc500-8517-4fcf-836c-f114bd018c5f,20170218,2017-02-18,18,2,1,2017,6,7,True
aa8686cc-733b-4601-8f85-4bda9006a621,20170219,2017-02-19,19,2,1,2017,7,7,True
7f9246e9-5cf8-4b17-a59d-a635eb2c4f67,20170220,2017-02-20,20,2,1,2017,1,8,False
f721034d-29e2-41be-a81d-58c922eba1ee,20170221,2017-02-21,21,2,1,2017,2,8,False
66304b02-ab45-43c6-8d3e-587a5d1af6dd,20170222,2017-02-22,22,2,1,2017,3,8,False
5c54d4f9-4c75-4407-a22e-a66a6f96d43b,20170223,2017-02-23,23,2,1,2017,4,8,False
caad9443-7629-426e-aaa7-4d056ca74f1c,20170224,2017-02-24,24,2,1,2017,5,8,False
91fb791a-25bf-44f9-83e9-1e1b12b591c2,20170225,2017-02-25,25,2,1,2017,6,8,True
dc6325a5-0d88-4643-82de-c42681df985f,20170226,2017-02-26,26,2,1,2017,7,8,True
b43fb462-e73d-49d0-bdeb-b68da3220416,20170227,2017-02-27,27,2,1,2017,1,9,False
00e97228-f3c3-4cf2-a02e-c81335bd85b5,20170228,2017-02-28,28,2,1,2017,2,9,False
c6d148ea-81ed-4146-8959-c85220c41bb3,20170301,2017-03-01,1,3,1,2017,3,9,False
604a1aa0-459f-43c8-bfc1-5db8049a6871,20170302,2017-03-02,2,3,1,2017,4,9,False
1118df28-6169-44b5-8981-ecfbc2c9aaa9,20170303,2017-03-03,3,3,1,2017,5,9,False
e6630f2c-a80f-4d8a-99cd-e500e70d40a7,20170304,2017-03-04,4,3,1,2017,6,9,True
a513385c-a68b-4e37-a3ac-b4142d40c70d,20170305,2017-03-05,5,3,1,2017,7,9,True
fb510b18-8d59-4178-a348-eb2f5bf2bbbc,20170306,2017-03-06,6,3,1,2017,1,10,False
b8fe96fe-7d08-43a0-a507-354da8c1ac5a,20170307,2017-03-07,7,3,1,2017,2,10,False
b2833e1e-72d1-47dd-bced-1c6dc4bf311b,20170308,2017-03-08,8,3,1,2017,3,10,False
48303ec7-884d-4aa2-88e2-7c22505efb2a,20170309,2017-03-09,9,3,1,2017,4,10,False
c2542b27-21ba-47f6-b3bb-9524fbaa532f,20170310,2017-03-10,10,3,1,2017,5,10,False
dad960f1-dc8d-43b3-9148-e63aaad0a957,20170311,2017-03-11,11,3,1,2017,6,10,True
5a314b04-0bb6-4e25-9433-b094d18354f2,20170312,2017-03-12,12,3,1,2017,7,10,True
d2bff9cf-f0a9-4d06-b21b-8759a95f1182,20170313,2017-03-13,13,3,1,2017,1,11,False
ff65901d-f07d-4560-87d2-0240fdc77cfa,20170314,2017-03-14,14,3,1,2017,2,11,False
65018919-487a-45fd-8b77-f58f0615aadf,20170315,2017-03-15,15,3,1,2017,3,11,False
3c6f069e-f32a-4e0d-854b-8ea848fec14a,20170316,2017-03-16,16,3,1,2017,4,11,False
c007bc7c-5398-4fbe-b512-be4c0d17218c,20170317,2017-03-17,17,3,1,2017,5,11,False
130240a7-3ae9-4afd-8889-2a35397b19a7,20170318,2017-03-18,18,3,1,2017,6,11,True
da8ef5c3-4990-487d-b760-fe65484dc351,20170319,2017-03-19,19,3,1,2017,7,11,True
b0efc489-4317-44d3-b533-36dcfaf26751,20170320,2017-03-20,20,3,1,2017,1,12,False
66a5a509-c711-42e9-b882-0cc4f41b093b,20170321,2017-03-21,21,3,1,2017,2,12,False
d3a45cc0-d508-41b8-9625-d81361fe04a8,20170322,2017-03-22,22,3,1,2017,3,12,False
dcb6e5a4-54dc-45c0-a210-d43d677e4cbb,20170323,2017-03-23,23,3,1,2017,4,12,False
e2992fed-977a-4181-a727-330723f83546,20170324,2017-03-24,24,3,1,2017,5,12,False
31095b70-b103-43c4-a887-e1c1806d2f68,20170325,2017-03-25,25,3,1,2017,6,12,True
6e1f56e2-c0b9-41d2-9f7e-b97addfd3573,20170326,2017-03-26,26,3,1,2017,7,12,True
a4194fd8-ef95-4c33-b28e-768b2dfdfa78,20170327,2017-03-27,27,3,1,2017,1,13,False
1febce39-5c0c-467b-b872-0c75a50ebdd2,20170328,2017-03-28,28,3,1,2017,2,13,False
f4d1d7c4-ddb3-420d-83a9-56fb9edead62,20170329,2017-03-29,29,3,1,2017,3,13,False
988360ca-abfc-4d00-800d-c623f9e1b242,20170330,2017-03-30,30,3,1,2017,4,13,False
5ef746f7-81d0-48b7-b7b2-95e5a3606a7c,20170331,2017-03-31,31,3,1,2017,5,13,False
623f19b6-c3bc-405a-9208-3c8cc071bdeb,20170401,2017-04-01,1,4,2,2017,6,13,True
d55aea9f-2bef-4a9f-b53e-e5c70d30e3d3,20170402,2017-04-02,2,4,2,2017,7,13,True
c80aec56-6df7-41cd-aa0f-fca4acb1e660,20170403,2017-04-03,3,4,2,2017,1,14,False
d9347fa8-c067-492e-9b59-ae78957aec4f,20170404,2017-04-04,4,4,2,2017,2,14,False
44331cc1-bf1f-4be9-8091-999a1d044b33,20170405,2017-04-05,5,4,2,2017,3,14,False
6ac9686d-6dd8-446c-9cf4-955d3800d97f,20170406,2017-04-06,6,4,2,2017,4,14,False
d1461ed9-48b5-48f8-9993-125091fae610,20170407,2017-04-07,7,4,2,2017,5,14,False
1fdaefc4-ee1f-4e78-aaaa-67c7cfccbd6a,20170408,2017-04-08,8,4,2,2017,6,14,True
1d376b0e-0021-4f62-bf3c-b27057fa757e,20170409,2017-04-09,9,4,2,2017,7,14,True
7496b6e7-ec25-4a65-9a1e-7873d3afcf46,20170410,2017-04-10,10,4,2,2017,1,15,False
f1a68b9c-377c-4d97-83df-20665ea06e2c,20170411,2017-04-11,11,4,2,2017,2,15,False
ff60662d-9c8d-49c5-bf67-64097ab90448,20170412,2017-04-12,12,4,2,2017,3,15,False
4a25fcfa-0412-4ba2-92f8-1457eb854057,20170413,2017-04-13,13,4,2,2017,4,15,False
927fa73a-d244-4f67-9438-fca017943047,20170414,2017-04-14,14,4,2,2017,5,15,False
79a3d4de-cdc0-465d-b672-b7b3c1659e6d,20170415,2017-04-15,15,4,2,2017,6,15,True
c895ba22-f44b-49e2-a5ff-e68e476d14e5,20170416,2017-04-16,16,4,2,2017,7,15,True
a2c19475-a010-47a5-83cf-47f1308f9c2b,20170417,2017-04-17,17,4,2,2017,1,16,False
f58a3e37-9bd4-4e4c-b0db-4e6ba8452ead,20170418,2017-04-18,18,4,2,2017,2,16,False
20dff2a9-eb9b-47ba-b301-3a2a4b1797c6,20170419,2017-04-19,19,4,2,2017,3,16,False
eaa31023-62f1-4a75-a3e6-a21bd485e61f,20170420,2017-04-20,20,4,2,2017,4,16,False
4ac6c921-df1e-4cf0-a98f-81934cf82a58,20170421,2017-04-21,21,4,2,2017,5,16,False
4349ea24-bccb-4b97-b78b-43a3dd315649,20170422,2017-04-22,22,4,2,2017,6,16,True
747fff9c-feb2-4c90-a3cc-56fb5ec4a4f7,20170423,2017-04-23,23,4,2,2017,7,16,True
562ccf57-083b-442d-bd46-c346629c581c,20170424,2017-04-24,24,4,2,2017,1,17,False
15e51ffb-70d6-4f92-8b84-f1f11aa67d92,20170425,2017-04-25,25,4,2,2017,2,17,False
4f5a7f7f-a91a-41e4-87ad-3277b1f9d848,20170426,2017-04-26,26,4,2,2017,3,17,False
36f3b8ef-670e-4246-aa9d-d08629476dd5,20170427,2017-04-27,27,4,2,2017,4,17,False
a28e5b49-14c2-43b0-80f3-bb1e8a86119b,20170428,2017-04-28,28,4,2,2017,5,17,False
3415e476-b1ed-4b55-a6a3-a9b1cc9ebeb9,20170429,2017-04-29,29,4,2,2017,6,17,True
ec6760bc-295e-4b1d-b404-6f077c2d8027,20170430,2017-04-30,30,4,2,2017,7,17,True
257df554-9040-4da9-99d6-d64e611db085,20170501,2017-05-01,1,5,2,2017,1,18,False
2242c6b0-69db-4445-b1bb-add7b0d1ed49,20170502,2017-05-02,2,5,2,2017,2,18,False
e5854b3a-3255-45c7-afb0-9c701c81f947,20170503,2017-05-03,3,5,2,2017,3,18,False
196dc7e4-685d-4803-88e1-a183b5e5c51f,20170504,2017-05-04,4,5,2,2017,4,18,False
d512ded8-4fa8-484b-9dd6-050b5f931409,20170505,2017-05-05,5,5,2,2017,5,18,False
65e8dbf1-3a55-42f6-8f2d-8a6d716a86e6,20170506,2017-05-06,6,5,2,2017,6,18,True
d94a1b8d-3c79-446d-a000-14813a27e916,20170507,2017-05-07,7,5,2,2017,7,18,True
0a307f10-e37d-4a8f-b700-6547e27b7888,20170508,2017-05-08,8,5,2,2017,1,19,False
8673030b-3594-42ba-9878-e35915c08ffa,20170509,2017-05-09,9,5,2,2017,2,19,False
e54189c1-43b0-455b-935f-6a9f4ab6eb39,20170510,2017-05-10,10,5,2,2017,3,19,False
7bdf4271-a43a-449c-b539-af70ec6e611f,20170511,2017-05-11,11,5,2,2017,4,19,False
7b42a549-79cd-44e0-8343-081b989ab340,20170512,2017-05-12,12,5,2,2017,5,19,False
e9556ba8-d2cf-4163-b88c-c02a834f86ea,20170513,2017-05-13,13,5,2,2017,6,19,True
e65ca587-8c5c-4845-9500-67820f19c1ab,20170514,2017-05-14,14,5,2,2017,7,19,True
14b04722-be0f-4fce-9f19-00dc15e171ea,20170515,2017-05-15,15,5,2,2017,1,20,False
eacd8041-180e-41a3-aed3-ee60860896e3,20170516,2017-05-16,16,5,2,2017,2,20,False
1b9de3bf-090d-4082-9e48-1c4cd153f89d,20170517,2017-05-17,17,5,2,2017,3,20,False
fb428ef1-515c-4d65-891e-49e53a96e11d,20170518,2017-05-18,18,5,2,2017,4,20,False
da386c18-a346-4971-9124-9938f1174d64,20170519,2017-05-19,19,5,2,2017,5,20,False
a6fce67c-335f-44bf-bf17-be304dac99dc,20170520,2017-05-20,20,5,2,2017,6,20,True
8a4e0ac6-d30f-4930-80f6-63068a117b22,20170521,2017-05-21,21,5,2,2017,7,20,True
a888b828-7be3-47bb-bfd7-19f5c9c12a25,20170522,2017-05-22,22,5,2,2017,1,21,False
33cb8430-e435-4528-ab18-c66dc85c9167,20170523,2017-05-23,23,5,2,2017,2,21,False
a19960a8-52ac-4208-98c2-896fe04a20e9,20170524,2017-05-24,24,5,2,2017,3,21,False
6a599513-b078-47a2-b2cb-a6bbd5363018,20170525,2017-05-25,25,5,2,2017,4,21,False
fabeedc0-595f-49ec-a5b7-1f96cd5ec7fe,20170526,2017-05-26,26,5,2,2017,5,21,False
4fcacc56-f28f-4380-9f66-e8923b7c91bd,20170527,2017-05-27,27,5,2,2017,6,21,True
fe54a98e-68a4-43fb-baab-597d56a79736,20170528,2017-05-28,28,5,2,2017,7,21,True
5a0fd11d-1dbe-4d42-a05c-d52e42b08691,20170529,2017-05-29,29,5,2,2017,1,22,False
c2fac2b9-ce39-487e-9bc6-81e3df1d9f99,20170530,2017-05-30,30,5,2,2017,2,22,False
87bfea62-8ff6-4736-bfb3-cdfc1df9b32d,20170531,2017-05-31,31,5,2,2017,3,22,False
bed33ae6-7c3b-413b-ab5f-47ebf910238f,20170601,2017-06-01,1,6,2,2017,4,22,False
75de0d56-0c35-43ca-a14e-5b0103f0651b,20170602,2017-06-02,2,6,2,2017,5,22,False
34ee7cc1-069d-4a13-b153-3908e2ec95ae,20170603,2017-06-03,3,6,2,2017,6,22,True
242f6e89-a16c-403b-bbb0-9aeeeb9b6434,20170604,2017-06-04,4,6,2,2017,7,22,True
f8305ff7-adb6-41d5-9c7a-0f92590fad28,20170605,2017-06-05,5,6,2,2017,1,23,False
41e345bd-f42f-4612-b164-914896a46de6,20170606,2017-06-06,6,6,2,2017,2,23,False
aba72d2e-953c-4345-ba28-d3407a0ee36e,20170607,2017-06-07,7,6,2,2017,3,23,False
9effffd9-d9fd-4ba9-8526-2b25239da40d,20170608,2017-06-08,8,6,2,2017,4,23,False
903e9be0-3a18-471c-a765-aa05142e1449,20170609,2017-06-09,9,6,2,2017,5,23,False
c07737f3-e2d3-4b77-9d0e-0c816239bd86,20170610,2017-06-10,10,6,2,2017,6,23,True
cfb84d13-5328-4702-ba4b-5f6bb9b19f15,20170611,2017-06-11,11,6,2,2017,7,23,True
a22d6693-b0ce-42e2-86a2-bd4fb2abf6bf,20170612,2017-06-12,12,6,2,2017,1,24,False
b2e1b8df-23d6-4ea8-a6c7-2e15be12360b,20170613,2017-06-13,13,6,2,2017,2,24,False
2d518706-8e23-4acf-bfd1-39bd209b26a2,20170614,2017-06-14,14,6,2,2017,3,24,False
7f2671a4-5251-4c74-ae5d-2875bcd10e18,20170615,2017-06-15,15,6,2,2017,4,24,False
0834b2d4-381c-4bc7-9fa3-ea6e50ee7207,20170616,2017-06-16,16,6,2,2017,5,24,False
a95c8981-e219-45a8-a79d-083c4963cb8e,20170617,2017-06-17,17,6,2,2017,6,24,True
b83f252c-4508-444d-9e94-d931f48237d1,20170618,2017-06-18,18,6,2,2017,7,24,True
9376090c-62dc-407a-b3e7-b65af513244b,20170619,2017-06-19,19,6,2,2017,1,25,False
99825c88-6942-4b27-95c7-1933c95703ad,20170620,2017-06-20,20,6,2,2017,2,25,False
aa23635a-e71c-44d3-8fad-2a784461f3ce,20170621,2017-06-21,21,6,2,2017,3,25,False
4629a61b-c623-460a-b5be-1ad19b14d0e8,20170622,2017-06-22,22,6,2,2017,4,25,False
074ac3ec-e6dc-49ed-bd6e-33b276bdd7c3,20170623,2017-06-23,23,6,2,2017,5,25,False
e9cdf596-bdcf-4275-b7bc-57378d088b02,20170624,2017-06-24,24,6,2,2017,6,25,True
e06b65b5-9621-4f6f-a038-9db7e2179499,20170625,2017-06-25,25,6,2,2017,7,25,True
7e1a830c-3ead-4d79-83a3-65bc85a02b39,20170626,2017-06-26,26,6,2,2017,1,26,False
8eb90bd9-cdbd-4ad4-8bc5-900f361b6f1d,20170627,2017-06-27,27,6,2,2017,2,26,False
e3a2ed27-6cfa-4b11-89c2-e243b1a94f39,20170628,2017-06-28,28,6,2,2017,3,26,False
f71996ca-a189-402d-afec-073a852c2aa8,20170629,2017-06-29,29,6,2,2017,4,26,False
13329816-cb42-43d5-aeff-df040cfbabe8,20170630,2017-06-30,30,6,2,2017,5,26,False
3986d38d-0c5b-4398-a654-33f537aea63f,20170701,2017-07-01,1,7,3,2017,6,26,True
cc904584-89fb-43b4-8c77-aed7a842c3c1,20170702,2017-07-02,2,7,3,2017,7,26,True
6bd949e8-9493-4fdd-9794-399f4b55ef0a,20170703,2017-07-03,3,7,3,2017,1,27,False
5d0457ef-26ad-4f3f-925c-717fcff61017,20170704,2017-07-04,4,7,3,2017,2,27,False
d3b92211-c9cf-4fe8-aea3-2fbf23dc82ce,20170705,2017-07-05,5,7,3,2017,3,27,False
5ee7d1f7-a907-47fa-a409-a2f9358237a1,20170706,2017-07-06,6,7,3,2017,4,27,False
b05adc8b-021e-4d87-b6de-d697e8f027b9,20170707,2017-07-07,7,7,3,2017,5,27,False
e643a0c7-e0f6-4229-97c2-e81217ae4bf1,20170708,2017-07-08,8,7,3,2017,6,27,True
9fc4d977-8d02-411b-b0c2-fb6cd30c22b6,20170709,2017-07-09,9,7,3,2017,7,27,True
a62cbb66-e6a2-4d4c-9484-04834d35c26c,20170710,2017-07-10,10,7,3,2017,1,28,False
b3ceb0cb-9e55-470f-bedb-540ae7447370,20170711,2017-07-11,11,7,3,2017,2,28,False
a4afdcbb-0f87-4ebe-96e9-4ccdb70b30e9,20170712,2017-07-12,12,7,3,2017,3,28,False
cbc157df-468a-4610-a39b-8045bb469211,20170713,2017-07-13,13,7,3,2017,4,28,False
b146f745-c75b-4b41-beb1-4e5053a5facc,20170714,2017-07-14,14,7,3,2017,5,28,False
d891e428-122a-49dc-8271-ed22ba5564fa,20170715,2017-07-15,15,7,3,2017,6,28,True
bca731ce-021e-4802-88e1-83dfe9af5267,20170716,2017-07-16,16,7,3,2017,7,28,True
70dc3e32-823b-4f8d-9192-315d68525346,20170717,2017-07-17,17,7,3,2017,1,29,False
07c3133a-7009-4836-b736-1abbe68fa80e,20170718,2017-07-18,18,7,3,2017,2,29,False
dc4231a1-af21-40e9-914f-c8926b03cf73,20170719,2017-07-19,19,7,3,2017,3,29,False
59936f0b-d051-4b67-8712-fcf232aadb56,20170720,2017-07-20,20,7,3,2017,4,29,False
09f15ffa-1714-4971-ba43-d0e7a912fd2f,20170721,2017-07-21,21,7,3,2017,5,29,False
2b2dc849-8dce-46b4-8a9b-3426077a57f8,20170722,2017-07-22,22,7,3,2017,6,29,True
9e7adb49-ecfd-42aa-bf23-0edcf51f0da0,20170723,2017-07-23,23,7,3,2017,7,29,True
2a13f743-69df-4f03-8555-9af8ff6dde58,20170724,2017-07-24,24,7,3,2017,1,30,False
32f337b2-85c7-4ed7-a8d5-391865a384aa,20170725,2017-07-25,25,7,3,2017,2,30,False
55f99dbe-49e9-46d4-8565-e239a20c7532,20170726,2017-07-26,26,7,3,2017,3,30,False
4a56e174-8e3e-4e91-960b-d04a294adf36,20170727,2017-07-27,27,7,3,2017,4,30,False
023cc18f-1c60-4bd7-98bb-0fc8f7a26c96,20170728,2017-07-28,28,7,3,2017,5,30,False
eff06a6b-f776-4423-9a08-e0f09a76db59,20170729,2017-07-29,29,7,3,2017,6,30,True
e0112893-a1b6-46e7-9ec9-d78841fa291b,20170730,2017-07-30,30,7,3,2017,7,30,True
7e2b56d7-c08c-4713-a51f-a35deada970d,20170731,2017-07-31,31,7,3,2017,1,31,False
723c63d0-d8b1-4673-b324-531a03d367a8,20170801,2017-08-01,1,8,3,2017,2,31,False
37bf8f8a-d2f6-46ec-83c4-a0a317cfeefa,20170802,2017-08-02,2,8,3,2017,3,31,False
9ed23b06-eb8e-41fd-9c87-974eba7341ee,20170803,2017-08-03,3,8,3,2017,4,31,False
b5cf1d1a-6e4d-4565-a893-677851d96cfb,20170804,2017-08-04,4,8,3,2017,5,31,False
b0dec7be-bf33-4948-bbb3-b469930208ce,20170805,2017-08-05,5,8,3,2017,6,31,True
1c490edf-fe52-4a55-a939-9d5637396972,20170806,2017-08-06,6,8,3,2017,7,31,True
cf0f0bac-6928-47d3-b80c-f68f345eba02,20170807,2017-08-07,7,8,3,2017,1,32,False
8c6904e5-ba8a-40f8-bd6a-16637eeb71dc,20170808,2017-08-08,8,8,3,2017,2,32,False
84a7a870-560e-4122-bd11-4018dcfe35e2,20170809,2017-08-09,9,8,3,2017,3,32,False
78bb0af3-3e41-496b-bf4a-76bc1e818cf6,20170810,2017-08-10,10,8,3,2017,4,32,False
5cb80154-a25f-4530-86ed-3469f85f0e11,20170811,2017-08-11,11,8,3,2017,5,32,False
ebc85c43-288b-43e7-976e-64608520f81f,20170812,2017-08-12,12,8,3,2017,6,32,True
dfda9cb9-3b10-4a3b-9303-237370dffd22,20170813,2017-08-13,13,8,3,2017,7,32,True
b234bb30-3061-4bc6-9f75-ccac838ccb96,20170814,2017-08-14,14,8,3,2017,1,33,False
701ce4fd-4d8f-402a-a141-451e5253c05b,20170815,2017-08-15,15,8,3,2017,2,33,False
03012122-bd10-4318-b329-623b1df5dc21,20170816,2017-08-16,16,8,3,2017,3,33,False
02bfc511-7946-410e-a26c-b7e266d31d18,20170817,2017-08-17,17,8,3,2017,4,33,False
98c5a2b2-bebb-47eb-9b29-acd4fd62d039,20170818,2017-08-18,18,8,3,2017,5,33,False
1b6ac496-a6da-41a2-afb7-502e30eff9b2,20170819,2017-08-19,19,8,3,2017,6,33,True
feafe11e-1b70-44da-9f72-bce70acbf8af,20170820,2017-08-20,20,8,3,2017,7,33,True
fb4573f7-b950-42fe-9ab9-611e8262ae15,20170821,2017-08-21,21,8,3,2017,1,34,False
450ce9ac-0d26-4b3b-9f33-cfe93f27d7b3,20170822,2017-08-22,22,8,3,2017,2,34,False
77c6914d-f0e6-4f7f-a837-6376872e0c80,20170823,2017-08-23,23,8,3,2017,3,34,False
832fd739-f9a1-44ed-bf0f-a03e5347e725,20170824,2017-08-24,24,8,3,2017,4,34,False
eedff2a1-c360-489d-988a-ead8de57e107,20170825,2017-08-25,25,8,3,2017,5,34,False
be1742e3-95bf-4889-b671-aa08bf47ba88,20170826,2017-08-26,26,8,3,2017,6,34,True
6ea9a01f-6c3d-41b7-8260-e3ab2d397e3a,20170827,2017-08-27,27,8,3,2017,7,34,True
bb243c3d-d4f8-4fd3-9867-d1a2a5b2c970,20170828,2017-08-28,28,8,3,2017,1,35,False
72b371c2-938e-42a4-a2b1-f22e2d416161,20170829,2017-08-29,29,8,3,2017,2,35,False
5b577e2d-a991-412d-a797-e01cebf7db2e,20170830,2017-08-30,30,8,3,2017,3,35,False
85bd4a00-91ce-4062-8c7a-5798369f9dae,20170831,2017-08-31,31,8,3,2017,4,35,False
e8a6b599-fdce-4fc0-abbb-bc90a70c02c3,20170901,2017-09-01,1,9,3,2017,5,35,False
46b69e6c-e07c-4f0e-9a7d-f259cea68137,20170902,2017-09-02,2,9,3,2017,6,35,True
108d278e-ee0a-430e-8304-a2f6a08b414a,20170903,2017-09-03,3,9,3,2017,7,35,True
fd49e32f-f9c1-41f8-9943-cff2f4df7c63,20170904,2017-09-04,4,9,3,2017,1,36,False
10d25a23-d095-4892-8856-88a0c88d29aa,20170905,2017-09-05,5,9,3,2017,2,36,False
7c2c753c-b499-49ca-b960-6702e691c72d,20170906,2017-09-06,6,9,3,2017,3,36,False
3f1e21d4-cdf5-41e5-8fc0-89b833fbcbfb,20170907,2017-09-07,7,9,3,2017,4,36,False
12093df2-d0b2-41f4-ac65-f318d78e5ea2,20170908,2017-09-08,8,9,3,2017,5,36,False
2bb7dbd3-e42a-4750-9350-978e56ad22c9,20170909,2017-09-09,9,9,3,2017,6,36,True
9a66a267-3bc7-4d0f-80c2-ea822eed968d,20170910,2017-09-10,10,9,3,2017,7,36,True
da7232b0-da35-4ab1-82e8-11595dd9d9be,20170911,2017-09-11,11,9,3,2017,1,37,False
5b449174-df93-4172-bcdb-bba3c814cd18,20170912,2017-09-12,12,9,3,2017,2,37,False
d40f14d2-bf81-4704-8815-6938b2bb08d3,20170913,2017-09-13,13,9,3,2017,3,37,False
a0c57374-c686-4cc2-a1ec-cca164f98358,20170914,2017-09-14,14,9,3,2017,4,37,False
badb641b-fe7f-4631-a23e-5ed112353839,20170915,2017-09-15,15,9,3,2017,5,37,False
c02cae62-a347-48c1-80a7-9fdd0ff9bba7,20170916,2017-09-16,16,9,3,2017,6,37,True
8f026a5b-c626-40e5-a674-31194d1a79c9,20170917,2017-09-17,17,9,3,2017,7,37,True
b2b6b10a-776e-4a1e-be5b-72cd30f4cf2b,20170918,2017-09-18,18,9,3,2017,1,38,False
3718539a-1f31-47bb-8959-78087612f921,20170919,2017-09-19,19,9,3,2017,2,38,False
0be5b251-fe25-4308-96ae-df213db7e90f,20170920,2017-09-20,20,9,3,2017,3,38,False
8e32ed3c-53af-496d-9e63-26a2d9006aa8,20170921,2017-09-21,21,9,3,2017,4,38,False
09de9fc3-49b9-4d9b-bbc3-1719039e75ae,20170922,2017-09-22,22,9,3,2017,5,38,False
a14eb3cf-cad2-4b42-af2f-5e9357d8a46e,20170923,2017-09-23,23,9,3,2017,6,38,True
023d308a-2df3-4f9c-ac2e-62f3b310f35d,20170924,2017-09-24,24,9,3,2017,7,38,True
12e675ee-4921-4949-aba6-fc40c6a4daad,20170925,2017-09-25,25,9,3,2017,1,39,False
0a16b5fb-2b0a-40f1-a737-f23a26cd9037,20170926,2017-09-26,26,9,3,2017,2,39,False
e054e766-3a8e-4d10-90a4-ad97b55d0c7d,20170927,2017-09-27,27,9,3,2017,3,39,False
1cf27a8e-2bb2-42f7-940f-d2806bcfb2eb,20170928,2017-09-28,28,9,3,2017,4,39,False
a7e78af0-4e11-4b44-9350-41f6148e006e,20170929,2017-09-29,29,9,3,2017,5,39,False
501d5edb-b0a5-445c-8e00-4bf785435518,20170930,2017-09-30,30,9,3,2017,6,39,True
e1453c05-d745-4200-9216-75f29d497c34,20171001,2017-10-01,1,10,4,2017,7,39,True
b2fc569a-63af-407d-b851-0ce272e80b2a,20171002,2017-10-02,2,10,4,2017,1,40,False
295f089f-375c-438c-bd9c-c4c77eed26d7,20171003,2017-10-03,3,10,4,2017,2,40,False
2fa72a91-8286-41d9-b65f-315961dd13ab,20171004,2017-10-04,4,10,4,2017,3,40,False
602a9027-d87e-4fe9-a7a2-5cdc635b17f9,20171005,2017-10-05,5,10,4,2017,4,40,False
2f5be5ba-812d-4ff1-b22c-d805816eb4c9,20171006,2017-10-06,6,10,4,2017,5,40,False
88430c61-663b-4d67-8698-91df92a78669,20171007,2017-10-07,7,10,4,2017,6,40,True
13a8bdec-6017-4a2e-a8c4-fde6195dc2e8,20171008,2017-10-08,8,10,4,2017,7,40,True
c59d5fef-3c70-486b-86bc-8c3d7be86088,20171009,2017-10-09,9,10,4,2017,1,41,False
fba75cc9-9b23-4ce2-9d0e-dcd73387dd64,20171010,2017-10-10,10,10,4,2017,2,41,False
c2975ffa-cc1a-4459-81e8-659b2660b85c,20171011,2017-10-11,11,10,4,2017,3,41,False
badfa428-d214-4422-a177-6ea4810a14c7,20171012,2017-10-12,12,10,4,2017,4,41,False
9010a4e2-e209-457a-8ff5-740d5718fb12,20171013,2017-10-13,13,10,4,2017,5,41,False
fc0f203d-2416-4135-8faf-02decb60d9a4,20171014,2017-10-14,14,10,4,2017,6,41,True
cf9b71c3-ab51-4043-aa7b-f7de2ee9978b,20171015,2017-10-15,15,10,4,2017,7,41,True
b4884a29-711c-4330-ad33-193fe18cb8b4,20171016,2017-10-16,16,10,4,2017,1,42,False
8b2cb286-87bf-4f2b-bc11-20db3fb61375,20171017,2017-10-17,17,10,4,2017,2,42,False
ae489919-c5ee-4d35-a6b0-6873168bed82,20171018,2017-10-18,18,10,4,2017,3,42,False
bd96b3e4-79bd-4f95-916d-790c9a9fe836,20171019,2017-10-19,19,10,4,2017,4,42,False
a51676c2-d458-4fb9-9d4a-0ceb2cdfb5b8,20171020,2017-10-20,20,10,4,2017,5,42,False
8cf8d118-57cf-4658-8d6e-fe9d1abfdb09,20171021,2017-10-21,21,10,4,2017,6,42,True
3005a9f4-0fa7-455b-9725-5b4777500cf6,20171022,2017-10-22,22,10,4,2017,7,42,True
c3f2d484-fb22-4f58-b375-b9a4da41a8f0,20171023,2017-10-23,23,10,4,2017,1,43,False
979c11f0-be04-4590-9211-c3b2cf329ebe,20171024,2017-10-24,24,10,4,2017,2,43,False
2dbd12e4-22b1-469c-9060-32994a3a9a09,20171025,2017-10-25,25,10,4,2017,3,43,False
01cb38f8-693f-4fc5-a703-22a487039827,20171026,2017-10-26,26,10,4,2017,4,43,False
121eb782-a88b-4a07-b367-028c04755cf9,20171027,2017-10-27,27,10,4,2017,5,43,False
8628b3f5-dc00-4f14-8eac-334b62f187ea,20171028,2017-10-28,28,10,4,2017,6,43,True
ad4dcd67-8a7c-46ff-8e8f-226e87d8d902,20171029,2017-10-29,29,10,4,2017,7,43,True
c52feec7-fa1d-451b-bf36-4c1a1d31b4e3,20171030,2017-10-30,30,10,4,2017,1,44,False
41447545-8c35-47ba-b9d7-c194c3218ace,20171031,2017-10-31,31,10,4,2017,2,44,False
5cce178d-9416-4628-88af-034bcc353b58,20171101,2017-11-01,1,11,4,2017,3,44,False
e01aebd1-f627-404c-b0d2-c0b863a0e571,20171102,2017-11-02,2,11,4,2017,4,44,False
017c665e-46ba-4d70-880b-127bc9637c3d,20171103,2017-11-03,3,11,4,2017,5,44,False
eb0488cd-35b0-4291-a9d5-1a20e4230e27,20171104,2017-11-04,4,11,4,2017,6,44,True
1d57b2a5-2801-4d89-815c-9a0270560e75,20171105,2017-11-05,5,11,4,2017,7,44,True
9e35cb21-fce6-48cf-9827-32028f1b70c8,20171106,2017-11-06,6,11,4,2017,1,45,False
fa3b27e0-8c45-4ff1-a011-73c192c5258b,20171107,2017-11-07,7,11,4,2017,2,45,False
31192e85-4df2-4db2-a9c8-746cf86191ba,20171108,2017-11-08,8,11,4,2017,3,45,False
1ab725a2-135b-4b68-980b-5383d818cfe4,20171109,2017-11-09,9,11,4,2017,4,45,False
da6394ca-cfe9-4025-af54-11f920ca77cb,20171110,2017-11-10,10,11,4,2017,5,45,False
70cc16cd-4eb7-4547-914f-332e000191b4,20171111,2017-11-11,11,11,4,2017,6,45,True
6f6b3737-a90f-45ec-8c03-1965bd89d743,20171112,2017-11-12,12,11,4,2017,7,45,True
f8a8e07f-d4ad-4d19-82e4-8d0b9000c503,20171113,2017-11-13,13,11,4,2017,1,46,False
19f3b8e8-985e-4e51-b5d3-e4df95a2f2dc,20171114,2017-11-14,14,11,4,2017,2,46,False
6a386be3-f2ac-44e3-aee3-9582ba278c65,20171115,2017-11-15,15,11,4,2017,3,46,False
9f359de3-aeff-4e77-a486-67090c42dbb0,20171116,2017-11-16,16,11,4,2017,4,46,False
cbfd9f39-d2eb-455b-bfaf-7adc952f36a6,20171117,2017-11-17,17,11,4,2017,5,46,False
1700c7cd-6311-4e6e-9654-ecd609b0db6d,20171118,2017-11-18,18,11,4,2017,6,46,True
e04c160e-9310-4146-8594-c780b1d6dc80,20171119,2017-11-19,19,11,4,2017,7,46,True
d8a3f495-c9d6-45cc-b0f2-20954a63c7db,20171120,2017-11-20,20,11,4,2017,1,47,False
887e7c24-3ede-4dee-a461-546fca5ee743,20171121,2017-11-21,21,11,4,2017,2,47,False
8dfe1d1e-a86b-46b3-8183-93724ccf85de,20171122,2017-11-22,22,11,4,2017,3,47,False
f24da60b-b483-4099-8e99-142cc23a4571,20171123,2017-11-23,23,11,4,2017,4,47,False
079bf4d8-ed33-41b7-baeb-80fcc9df2d3b,20171124,2017-11-24,24,11,4,2017,5,47,False
ce9ff763-f2b0-447e-9bfc-2995660322ae,20171125,2017-11-25,25,11,4,2017,6,47,True
45e292c2-8068-46da-a270-df9f039a4173,20171126,2017-11-26,26,11,4,2017,7,47,True
fc613f7a-3017-4ba1-b055-5d3a349decc6,20171127,2017-11-27,27,11,4,2017,1,48,False
f5de792c-f0bd-4251-8257-7caa5ca7e950,20171128,2017-11-28,28,11,4,2017,2,48,False
ca8ca4dc-59cf-4a95-8e2b-951f60fce147,20171129,2017-11-29,29,11,4,2017,3,48,False
db72ab41-c753-441c-9511-b6c8a56190cd,20171130,2017-11-30,30,11,4,2017,4,48,False
d95b0775-79f5-413f-9c38-f4f4487c9162,20171201,2017-12-01,1,12,4,2017,5,48,False
1b384531-f818-4117-a036-6e35d840051a,20171202,2017-12-02,2,12,4,2017,6,48,True
9e4a0f5f-eb5f-4669-ad0f-179aab0fca82,20171203,2017-12-03,3,12,4,2017,7,48,True
5d2d807a-4a47-423a-8bb3-3722eac945ea,20171204,2017-12-04,4,12,4,2017,1,49,False
5856a0c7-101b-4db3-98e6-41e171d4cd78,20171205,2017-12-05,5,12,4,2017,2,49,False
ac05487c-d854-4cf2-9765-cfc29e75a4e2,20171206,2017-12-06,6,12,4,2017,3,49,False
fed2c035-7f8c-420e-9aa9-9417cd22e541,20171207,2017-12-07,7,12,4,2017,4,49,False
8e3ecbc3-21a4-4209-a4a6-274b3f74eb9f,20171208,2017-12-08,8,12,4,2017,5,49,False
23163a99-f7b3-4ece-989f-29f8ef21bb2d,20171209,2017-12-09,9,12,4,2017,6,49,True
dac86f1f-96f3-4ef6-a535-8e8dbbe34c46,20171210,2017-12-10,10,12,4,2017,7,49,True
293c01cc-f723-4055-9580-4629c949f6a9,20171211,2017-12-11,11,12,4,2017,1,50,False
a54b7a96-b0fe-4da5-a8ca-6c5a1acd375c,20171212,2017-12-12,12,12,4,2017,2,50,False
ae9bc3bf-9cdd-4e06-b80e-1f0e021bfd3a,20171213,2017-12-13,13,12,4,2017,3,50,False
a8a10f67-9207-4bd6-8d2d-a005f675e6e2,20171214,2017-12-14,14,12,4,2017,4,50,False
fb8d0688-2957-4710-aee7-fdfce7cafab1,20171215,2017-12-15,15,12,4,2017,5,50,False
a95c436b-63ec-43cb-8974-72ebda167060,20171216,2017-12-16,16,12,4,2017,6,50,True
f4a9fd13-17c3-426a-9339-8e1c65c75009,20171217,2017-12-17,17,12,4,2017,7,50,True
34af3bc0-c690-45f8-99b3-3c7d8653f390,20171218,2017-12-18,18,12,4,2017,1,51,False
f7a3f181-7b32-484a-8c7a-76fad1d8a9cb,20171219,2017-12-19,19,12,4,2017,2,51,False
d2b64a92-0140-4f51-9e13-83aeb586d156,20171220,2017-12-20,20,12,4,2017,3,51,False
40856563-2808-4874-a607-4bdf2412b06b,20171221,2017-12-21,21,12,4,2017,4,51,False
75e3099a-e87b-443d-9c76-cc1545e8f68f,20171222,2017-12-22,22,12,4,2017,5,51,False
b7ed219f-1642-4087-b119-c2a3e669a8f9,20171223,2017-12-23,23,12,4,2017,6,51,True
9f455aca-13d7-41ba-84be-c8a5f7f5ffec,20171224,2017-12-24,24,12,4,2017,7,51,True
9fb043ed-e59f-4cca-a76c-21649cc514b7,20171225,2017-12-25,25,12,4,2017,1,52,False
034e37b3-fce9-458b-9157-8b12bf45e344,20171226,2017-12-26,26,12,4,2017,2,52,False
d2408d08-a345-4b4b-9630-38b11aa3591d,20171227,2017-12-27,27,12,4,2017,3,52,False
de00169e-d339-42a0-ac71-963b02ed0fcd,20171228,2017-12-28,28,12,4,2017,4,52,False
90a5bf40-8a6b-47bf-89f2-980905807779,20171229,2017-12-29,29,12,4,2017,5,52,False
38d815c4-ae8a-4d5a-b33e-ef1e9f03e7ce,20171230,2017-12-30,30,12,4,2017,6,52,True
0aa32a5c-7b02-4eeb-ac7e-7055e8b8655d,20171231,2017-12-31,31,12,4,2017,7,52,True
ea4808fc-8960-4aae-9d25-3e2a72abae9d,20180101,2018-01-01,1,1,1,2018,1,1,False
2de843dc-4d1f-4659-a8a9-fb1acaf84659,20180102,2018-01-02,2,1,1,2018,2,1,False
9e4c4c29-67f5-42cd-bbc7-a77cdf417c47,20180103,2018-01-03,3,1,1,2018,3,1,False
ccd72942-f7b3-4bc1-95b4-d942ffba6556,20180104,2018-01-04,4,1,1,2018,4,1,False
2e22afd7-b063-4b30-a30e-a6d84c6524a4,20180105,2018-01-05,5,1,1,2018,5,1,False
5dbcde9e-325e-45a6-ab44-ac2eef44714e,20180106,2018-01-06,6,1,1,2018,6,1,True
c4a6901c-7772-46bf-b008-2fb5a0e8fe16,20180107,2018-01-07,7,1,1,2018,7,1,True
2f15d502-f1df-42c4-a5bb-c236c4b33b20,20180108,2018-01-08,8,1,1,2018,1,2,False
c5af2356-3f46-4f3c-af7f-4dc1006ba8cc,20180109,2018-01-09,9,1,1,2018,2,2,False
d5daee59-c79a-44a0-b1ef-a278fd2d28da,20180110,2018-01-10,10,1,1,2018,3,2,False
88f73058-b040-4068-9071-af4fcd633f15,20180111,2018-01-11,11,1,1,2018,4,2,False
06a0a7ad-ff70-4c41-9596-befddde17ba4,20180112,2018-01-12,12,1,1,2018,5,2,False
8eab960e-bdc6-4cf8-9306-7def24d56e18,20180113,2018-01-13,13,1,1,2018,6,2,True
a190176d-e6ee-44df-9a67-8f5dccc30571,20180114,2018-01-14,14,1,1,2018,7,2,True
2f43c987-eccb-4315-9364-251a3b64469c,20180115,2018-01-15,15,1,1,2018,1,3,False
f1e11b1c-d2e2-4445-aa08-241a75df3687,20180116,2018-01-16,16,1,1,2018,2,3,False
2b71380a-f929-48f6-a6c6-d54cf7233ab0,20180117,2018-01-17,17,1,1,2018,3,3,False
dd54b3b7-164c-45b6-b0ae-ad94a663eaf6,20180118,2018-01-18,18,1,1,2018,4,3,False
6dfa4df4-183a-4469-9373-c8ba51e8490d,20180119,2018-01-19,19,1,1,2018,5,3,False
50e62056-d334-4bf5-ab89-3ff2cde2c464,20180120,2018-01-20,20,1,1,2018,6,3,True
f630e7a4-90ea-439e-8d8f-6fbb1bf766f0,20180121,2018-01-21,21,1,1,2018,7,3,True
e0b4c71f-1ba3-4836-8f57-cd77d842e8e3,20180122,2018-01-22,22,1,1,2018,1,4,False
e87fa7bd-9a58-413d-8c83-b194bbbacbf8,20180123,2018-01-23,23,1,1,2018,2,4,False
df37eec3-3cd0-4dc2-825e-36c7025fe98b,20180124,2018-01-24,24,1,1,2018,3,4,False
5897c921-9cf9-49cc-a7f4-0ade5116adc6,20180125,2018-01-25,25,1,1,2018,4,4,False
0121209e-3e33-4d01-a644-9e408aaacb56,20180126,2018-01-26,26,1,1,2018,5,4,False
33f703e8-8b29-4671-b9e0-c6222eac7f24,20180127,2018-01-27,27,1,1,2018,6,4,True
1e217d17-90f7-47b9-a589-bc8ea4d89773,20180128,2018-01-28,28,1,1,2018,7,4,True
66cf9576-0e55-41ad-8655-152cd5bcff83,20180129,2018-01-29,29,1,1,2018,1,5,False
5deca288-fbd8-4f9d-b915-1c3f4b5ca744,20180130,2018-01-30,30,1,1,2018,2,5,False
22e2f0ad-7dae-4c65-b7b8-56812a479a7a,20180131,2018-01-31,31,1,1,2018,3,5,False
1f542e34-bccf-44d4-8954-b4dbf88c9fad,20180201,2018-02-01,1,2,1,2018,4,5,False
f4fbe9ee-e307-4a98-8a92-adc6c8ac7d48,20180202,2018-02-02,2,2,1,2018,5,5,False
55c81e98-5059-4806-873e-764506b9646d,20180203,2018-02-03,3,2,1,2018,6,5,True
b0b55757-92e3-454f-9445-0389d2f43c70,20180204,2018-02-04,4,2,1,2018,7,5,True
c4e1da57-445e-4bd9-ab07-a235b4faaad7,20180205,2018-02-05,5,2,1,2018,1,6,False
a52b4af1-42b4-4103-980b-d071f39801b1,20180206,2018-02-06,6,2,1,2018,2,6,False
14d99d34-560d-49a9-84af-3e90946e0421,20180207,2018-02-07,7,2,1,2018,3,6,False
0b8b8596-1dc5-477f-b8b1-00530b8aaa5a,20180208,2018-02-08,8,2,1,2018,4,6,False
c9796131-b4d8-45c5-80e5-02d56b566e14,20180209,2018-02-09,9,2,1,2018,5,6,False
59b16629-5711-49a9-91c7-35f063b2364f,20180210,2018-02-10,10,2,1,2018,6,6,True
aa6bc9a7-1f7e-408d-a773-b1478468b959,20180211,2018-02-11,11,2,1,2018,7,6,True
c832452a-56e6-4412-8c03-bd7c4775b134,20180212,2018-02-12,12,2,1,2018,1,7,False
e18777c3-b1a2-4804-b733-32d1f98bf82c,20180213,2018-02-13,13,2,1,2018,2,7,False
eca9df0c-c4ef-483f-9c62-2e2000dbc997,20180214,2018-02-14,14,2,1,2018,3,7,False
67be519a-1503-4c72-beae-1d9dd79efbfd,20180215,2018-02-15,15,2,1,2018,4,7,False
24d28133-e0c9-4af2-9bb3-e607c89cd54e,20180216,2018-02-16,16,2,1,2018,5,7,False
8a7f64be-4a28-4a14-96a4-1e10b69fef79,20180217,2018-02-17,17,2,1,2018,6,7,True
eb308288-2cb4-4261-b158-a580140888d9,20180218,2018-02-18,18,2,1,2018,7,7,True
4564d03d-0f2b-46c7-9493-11fb902f80fb,20180219,2018-02-19,19,2,1,2018,1,8,False
4d250026-8b99-4e33-afbc-f2514b5fd142,20180220,2018-02-20,20,2,1,2018,2,8,False
81e4ceaa-5d99-4e8e-8938-21006238ca70,20180221,2018-02-21,21,2,1,2018,3,8,False
b098b5b4-8511-4265-a6a8-8248f2f389af,20180222,2018-02-22,22,2,1,2018,4,8,False
6cabf6fb-3600-49cb-b002-7e681903612f,20180223,2018-02-23,23,2,1,2018,5,8,False
e2614766-8324-416b-931c-e732cb9d7eeb,20180224,2018-02-24,24,2,1,2018,6,8,True
bd26390b-30f3-4101-8edc-fb4e26b0497b,20180225,2018-02-25,25,2,1,2018,7,8,True
daf96f58-8ecd-4d25-b852-2f7545e9bbf1,20180226,2018-02-26,26,2,1,2018,1,9,False
1a684f7b-de1d-4c9c-a0da-0b124187a27c,20180227,2018-02-27,27,2,1,2018,2,9,False
9443ef75-531e-496b-92da-138c3658b015,20180228,2018-02-28,28,2,1,2018,3,9,False
2a1ed8ec-cce3-4a5f-8cf4-c2f5a36bb8c4,20180301,2018-03-01,1,3,1,2018,4,9,False
85f3e4a9-f964-4a6d-bdf8-035f302c04ef,20180302,2018-03-02,2,3,1,2018,5,9,False
8f24b238-7e49-400f-ba9a-08c3c42f2311,20180303,2018-03-03,3,3,1,2018,6,9,True
aba57cf8-fee8-4381-9c2f-83bdcaa3eb98,20180304,2018-03-04,4,3,1,2018,7,9,True
63788fd7-0f10-48f9-b79f-6a8ebae469dc,20180305,2018-03-05,5,3,1,2018,1,10,False
7af37eaa-4514-42f3-b5e7-4457f56adce5,20180306,2018-03-06,6,3,1,2018,2,10,False
688ebe49-5252-453d-b245-08a11b9bb3dc,20180307,2018-03-07,7,3,1,2018,3,10,False
16785479-11bf-4012-87c6-929690ce5238,20180308,2018-03-08,8,3,1,2018,4,10,False
e8ec9fc4-0dd2-43ed-a67f-508b0d49d3fc,20180309,2018-03-09,9,3,1,2018,5,10,False
6c80faf7-a37a-4dcb-8d74-c7479a69b9c3,20180310,2018-03-10,10,3,1,2018,6,10,True
f0eb9681-cfb5-46a9-ba2b-251ead2f15bc,20180311,2018-03-11,11,3,1,2018,7,10,True
69103c33-e34a-4081-a5c1-a4e4f86b990a,20180312,2018-03-12,12,3,1,2018,1,11,False
7a3905e3-293b-48e8-88e7-0e34b8c5d7bf,20180313,2018-03-13,13,3,1,2018,2,11,False
ef62ce4c-47a7-4c42-80aa-127eee8a5b1a,20180314,2018-03-14,14,3,1,2018,3,11,False
bba69154-4cba-4224-aff4-bf9af786658a,20180315,2018-03-15,15,3,1,2018,4,11,False
a9f12d52-978d-46e4-a866-c49964087a36,20180316,2018-03-16,16,3,1,2018,5,11,False
89892d77-f050-4d93-b18d-97a10ede6545,20180317,2018-03-17,17,3,1,2018,6,11,True
8bb01564-f95d-49e6-934c-28bb33fb9421,20180318,2018-03-18,18,3,1,2018,7,11,True
6126950b-1837-421f-827c-886f9145f2ba,20180319,2018-03-19,19,3,1,2018,1,12,False
cb1020de-b9e1-4ee1-9bde-bf780f9dbe8b,20180320,2018-03-20,20,3,1,2018,2,12,False
66259a8e-4fcd-4313-b10a-84480ee26fd8,20180321,2018-03-21,21,3,1,2018,3,12,False
4e2f5091-8beb-4567-a4fa-1a472d457427,20180322,2018-03-22,22,3,1,2018,4,12,False
101f01b1-0b0e-461d-885a-03a5c2bb55da,20180323,2018-03-23,23,3,1,2018,5,12,False
6119e834-db03-4a07-9e6a-1085436b138f,20180324,2018-03-24,24,3,1,2018,6,12,True
19750404-6ef3-4a5f-b3a8-a1a74d0359e0,20180325,2018-03-25,25,3,1,2018,7,12,True
9265a02e-bfac-4cc5-b9d0-dcc414b1f545,20180326,2018-03-26,26,3,1,2018,1,13,False
2e864b29-d93e-4149-a762-c38cce9d86fb,20180327,2018-03-27,27,3,1,2018,2,13,False
8022857f-89c5-4295-98f3-95fa7345519d,20180328,2018-03-28,28,3,1,2018,3,13,False
c54c76b4-d8b6-4f02-bedb-f034cba3eef9,20180329,2018-03-29,29,3,1,2018,4,13,False
0f4475ad-763f-49b0-a2c2-ab17a3ef7d67,20180330,2018-03-30,30,3,1,2018,5,13,False
af53a52a-a275-4cf7-92b1-df522eb4b7c1,20180331,2018-03-31,31,3,1,2018,6,13,True
86f17003-a707-4ad6-9a11-0cc6e3fb0834,20180401,2018-04-01,1,4,2,2018,7,13,True
d55686b0-2c59-4e23-b966-ec5bac4050f6,20180402,2018-04-02,2,4,2,2018,1,14,False
d8b8a7c4-862f-4ed3-8052-0c25e08f02bd,20180403,2018-04-03,3,4,2,2018,2,14,False
1f7c29cf-bad4-4e1a-af59-bb1e6f8992a1,20180404,2018-04-04,4,4,2,2018,3,14,False
f8f4ec89-7425-4039-9a2b-53fb20af0053,20180405,2018-04-05,5,4,2,2018,4,14,False
608907f8-8d33-438d-a550-f8f2c77d65d3,20180406,2018-04-06,6,4,2,2018,5,14,False
13775b11-3a6b-4683-8bd6-3d8a0283736b,20180407,2018-04-07,7,4,2,2018,6,14,True
16f1764d-1db0-4c0e-8596-6dcca1f532af,20180408,2018-04-08,8,4,2,2018,7,14,True
9ca78999-4b3d-4a0d-8422-0e0c2c1309f8,20180409,2018-04-09,9,4,2,2018,1,15,False
afd80f0e-35b7-4924-b7d0-45cc92a57cca,20180410,2018-04-10,10,4,2,2018,2,15,False
f3aef827-0861-413b-8be0-8cb333df41d1,20180411,2018-04-11,11,4,2,2018,3,15,False
57836ebc-180a-4ca4-b685-ad7bb5acac64,20180412,2018-04-12,12,4,2,2018,4,15,False
adb9fb7d-8dc3-45fc-a732-486fcead9c89,20180413,2018-04-13,13,4,2,2018,5,15,False
07904b72-8829-4d5f-87be-32adb5515243,20180414,2018-04-14,14,4,2,2018,6,15,True
fc0308ee-9751-4430-90d2-7d42d0049d4d,20180415,2018-04-15,15,4,2,2018,7,15,True
67eb5e01-708c-4cc1-8ac2-c04af8b46a75,20180416,2018-04-16,16,4,2,2018,1,16,False
895fef0c-6895-4df0-a7ea-7b653ad59118,20180417,2018-04-17,17,4,2,2018,2,16,False
b12ebd0d-98dd-4c5c-a30c-0b781b927862,20180418,2018-04-18,18,4,2,2018,3,16,False
4cbafde5-2f58-4443-ad53-f06f0d088fd6,20180419,2018-04-19,19,4,2,2018,4,16,False
e33966ff-f24a-40e3-b9fe-7bd204b73774,20180420,2018-04-20,20,4,2,2018,5,16,False
2ac632a3-be50-4d8f-a30f-a6ec9b3bc062,20180421,2018-04-21,21,4,2,2018,6,16,True
63320adf-fc34-492b-9e8a-64b5394459fa,20180422,2018-04-22,22,4,2,2018,7,16,True
3af2178b-8da2-4b39-913a-29c73c61ba2d,20180423,2018-04-23,23,4,2,2018,1,17,False
1662f60a-5407-4b79-bf55-4bf7a1f24615,20180424,2018-04-24,24,4,2,2018,2,17,False
edcd2ec0-abdc-477c-938c-8071c01d4e53,20180425,2018-04-25,25,4,2,2018,3,17,False
12ae2d45-6310-4a55-b8f0-f1f7fe2c2920,20180426,2018-04-26,26,4,2,2018,4,17,False
e410665c-d82c-4919-9a70-b95443e99a74,20180427,2018-04-27,27,4,2,2018,5,17,False
b04394c0-9ecf-4fd5-b14a-27573cf788b2,20180428,2018-04-28,28,4,2,2018,6,17,True
07ab2750-d2f6-468b-a0d6-d3bb0a8f100e,20180429,2018-04-29,29,4,2,2018,7,17,True
5319cd5c-8097-4d61-93b2-af949b783078,20180430,2018-04-30,30,4,2,2018,1,18,False
ed70cfba-15dc-4958-9792-00d738590686,20180501,2018-05-01,1,5,2,2018,2,18,False
64c72f63-7873-41d8-9b51-d6c345ec2b0b,20180502,2018-05-02,2,5,2,2018,3,18,False
81f63349-9954-4c9d-8a00-0ee89b901dba,20180503,2018-05-03,3,5,2,2018,4,18,False
d643c2db-addd-4967-8ff3-52b4f5481bf2,20180504,2018-05-04,4,5,2,2018,5,18,False
1101410c-820a-494a-9393-2a58b40b12d6,20180505,2018-05-05,5,5,2,2018,6,18,True
fa8c3168-d137-419f-a03a-42b81e2537a9,20180506,2018-05-06,6,5,2,2018,7,18,True
67af76c7-eede-4f11-b994-c9b7a93b5b8d,20180507,2018-05-07,7,5,2,2018,1,19,False
3a135898-4f0d-4330-8282-723a2671b024,20180508,2018-05-08,8,5,2,2018,2,19,False
e4e66292-2a9e-4a0b-9a76-bbff66a81923,20180509,2018-05-09,9,5,2,2018,3,19,False
5e1ba46b-7849-490b-8e19-197cda53dd1a,20180510,2018-05-10,10,5,2,2018,4,19,False
0311f395-73f9-41fa-a9ca-5f3c437b6e05,20180511,2018-05-11,11,5,2,2018,5,19,False
cbac0612-9ed0-48c5-a93a-8ec570340779,20180512,2018-05-12,12,5,2,2018,6,19,True
c289fd37-988b-42d9-b010-02fb6fb720a7,20180513,2018-05-13,13,5,2,2018,7,19,True
669846fd-e8d5-4306-b703-c0270cce083a,20180514,2018-05-14,14,5,2,2018,1,20,False
6c1080ba-ef87-4c4f-b1c7-35f438f427c8,20180515,2018-05-15,15,5,2,2018,2,20,False
4bd12eb1-1775-420c-9177-7e636e2fe78f,20180516,2018-05-16,16,5,2,2018,3,20,False
44b9754f-fd36-452d-b4ca-bc4e4c96a262,20180517,2018-05-17,17,5,2,2018,4,20,False
8a045b55-0d38-4293-88f0-12f7854e6040,20180518,2018-05-18,18,5,2,2018,5,20,False
b10b090a-122a-4bbb-a524-532a1160907f,20180519,2018-05-19,19,5,2,2018,6,20,True
9069c0bb-61ca-483b-9bf7-5cba361d9a40,20180520,2018-05-20,20,5,2,2018,7,20,True
622a5302-d322-4da4-9171-614bb64168a7,20180521,2018-05-21,21,5,2,2018,1,21,False
138072d6-13f8-455c-9ab2-3d9879827ed0,20180522,2018-05-22,22,5,2,2018,2,21,False
a2cbc002-030c-4a2f-89cc-559208788945,20180523,2018-05-23,23,5,2,2018,3,21,False
05a36310-72b8-4360-9217-10e4ae906e21,20180524,2018-05-24,24,5,2,2018,4,21,False
2c117298-97c8-4c0c-8eb4-8bb84716f7a0,20180525,2018-05-25,25,5,2,2018,5,21,False
aee094b8-c8eb-4272-a2ba-a7953a9628a0,20180526,2018-05-26,26,5,2,2018,6,21,True
7dfd8e50-e840-43f9-bb35-34e0c71f829a,20180527,2018-05-27,27,5,2,2018,7,21,True
e7bdf461-8db7-4373-927c-a86068ab0462,20180528,2018-05-28,28,5,2,2018,1,22,False
cd7db99d-884b-4713-a95c-487e2f0eef8a,20180529,2018-05-29,29,5,2,2018,2,22,False
29faaf89-85d1-4b4e-a879-73dcd58302b9,20180530,2018-05-30,30,5,2,2018,3,22,False
73245be3-84d5-481d-97a8-495650cf6903,20180531,2018-05-31,31,5,2,2018,4,22,False
36dcf070-1881-43ba-b04c-8b9a83124ba4,20180601,2018-06-01,1,6,2,2018,5,22,False
b6b89cbd-7a8d-4194-81e3-8faeebdd58e0,20180602,2018-06-02,2,6,2,2018,6,22,True
40317a71-34c1-4cdc-aef9-ac006341234c,20180603,2018-06-03,3,6,2,2018,7,22,True
c454dda2-b79f-4c7f-b5e0-b5f814993a3b,20180604,2018-06-04,4,6,2,2018,1,23,False
dc821c9e-f43f-4a13-95ed-f5c73ec38476,20180605,2018-06-05,5,6,2,2018,2,23,False
fff07d84-e48f-4fce-bdf3-f32e8f74611e,20180606,2018-06-06,6,6,2,2018,3,23,False
aaf92165-1327-415f-82de-c561a48c38bd,20180607,2018-06-07,7,6,2,2018,4,23,False
b00ec7f7-e224-4eb4-93bf-4735c8bbd0af,20180608,2018-06-08,8,6,2,2018,5,23,False
98569479-d9ae-42d7-8d61-0e55dff21782,20180609,2018-06-09,9,6,2,2018,6,23,True
8b763346-649f-48be-8799-ce36d26bda93,20180610,2018-06-10,10,6,2,2018,7,23,True
e5ef6d7a-a9f0-47e5-8920-297e90f465d2,20180611,2018-06-11,11,6,2,2018,1,24,False
2b368a5a-60fa-49eb-89a0-bb599dcbbe93,20180612,2018-06-12,12,6,2,2018,2,24,False
4cfa30df-9721-40a6-90c0-a8a1f81f02f4,20180613,2018-06-13,13,6,2,2018,3,24,False
f92067bf-64a6-47e1-9726-fa0ca66a514a,20180614,2018-06-14,14,6,2,2018,4,24,False
5a249d61-311b-4d33-bcf5-6fae6a2e0721,20180615,2018-06-15,15,6,2,2018,5,24,False
1b16b062-be0b-4e22-a3c4-4b24c1d3bdc0,20180616,2018-06-16,16,6,2,2018,6,24,True
31716540-f51d-4ff9-85ba-96f38ca16fdc,20180617,2018-06-17,17,6,2,2018,7,24,True
7a11f134-eece-4c6d-8332-41673983150d,20180618,2018-06-18,18,6,2,2018,1,25,False
2a455edf-952d-4a1a-a0f3-592c6c234c9e,20180619,2018-06-19,19,6,2,2018,2,25,False
e9f6ef9e-db92-4688-b681-fbb30ebb6f5b,20180620,2018-06-20,20,6,2,2018,3,25,False
54da84ae-df9b-4f49-b3ab-07cb9d899718,20180621,2018-06-21,21,6,2,2018,4,25,False
371a7a73-9621-49b1-bd48-ceab986a7c9a,20180622,2018-06-22,22,6,2,2018,5,25,False
12ebe6ec-ba95-44b4-bccf-9c2a2d0bc8a1,20180623,2018-06-23,23,6,2,2018,6,25,True
568fd896-f525-4152-bbc3-58fef568f70f,20180624,2018-06-24,24,6,2,2018,7,25,True
b42639ba-0c64-47b3-9dac-bd566f00de0c,20180625,2018-06-25,25,6,2,2018,1,26,False
778ae1c0-8592-4273-81df-c0c1aec3dd78,20180626,2018-06-26,26,6,2,2018,2,26,False
e55b53d3-20e8-49b8-8669-c4ee12d80428,20180627,2018-06-27,27,6,2,2018,3,26,False
934d7f45-4756-4983-8de8-daad01cbbf83,20180628,2018-06-28,28,6,2,2018,4,26,False
b5ee8d2f-039c-42a4-ac73-fcae7b275e06,20180629,2018-06-29,29,6,2,2018,5,26,False
d59be6d4-30b8-4f63-b888-f015902c0a74,20180630,2018-06-30,30,6,2,2018,6,26,True
cf89d71f-d66a-460e-8109-01c3fa97f581,20180701,2018-07-01,1,7,3,2018,7,26,True
46299db0-4855-4883-b797-c4fa7a12330f,20180702,2018-07-02,2,7,3,2018,1,27,False
2164c1da-0844-4e72-8424-bcbe4e9d4b5a,20180703,2018-07-03,3,7,3,2018,2,27,False
28afd94b-4c7c-4a94-b7c0-bdf39da8628a,20180704,2018-07-04,4,7,3,2018,3,27,False
d194a348-e019-4ab8-b4b6-61fbfc5219e3,20180705,2018-07-05,5,7,3,2018,4,27,False
99365f9e-622d-4621-946b-e7cf57237ce9,20180706,2018-07-06,6,7,3,2018,5,27,False
c3e54ec1-5be2-44f5-8318-5a92f154c1c8,20180707,2018-07-07,7,7,3,2018,6,27,True
5fa8c604-6b4a-408a-a23b-83417bf90bd6,20180708,2018-07-08,8,7,3,2018,7,27,True
1e88867c-64f2-46de-8f04-b24c2b42a537,20180709,2018-07-09,9,7,3,2018,1,28,False
e890eb03-3619-4fc8-b02b-d600cc303884,20180710,2018-07-10,10,7,3,2018,2,28,False
8932bd53-d531-4edd-8db9-2dd82fa46112,20180711,2018-07-11,11,7,3,2018,3,28,False
b09136c5-8f8f-431e-bb8a-d61ca9006aff,20180712,2018-07-12,12,7,3,2018,4,28,False
a99ffd8a-63e6-407e-a66d-4c4ad7573568,20180713,2018-07-13,13,7,3,2018,5,28,False
5c5a34e0-03da-45f1-bafa-f2e430a9e1b2,20180714,2018-07-14,14,7,3,2018,6,28,True
ebd7c31e-4703-43ba-ae9a-92051261a36f,20180715,2018-07-15,15,7,3,2018,7,28,True
a9d1c4f2-d5a2-4299-bbb0-6c1a51cda218,20180716,2018-07-16,16,7,3,2018,1,29,False
be44277a-4a92-482f-86cd-e638bc91bfe9,20180717,2018-07-17,17,7,3,2018,2,29,False
96874188-f038-412a-86e9-6c018a7fa61d,20180718,2018-07-18,18,7,3,2018,3,29,False
a33ffb21-63ca-47e9-ac7e-3765d4e9aacb,20180719,2018-07-19,19,7,3,2018,4,29,False
c86ea642-19fd-4a07-9e79-638a571553e8,20180720,2018-07-20,20,7,3,2018,5,29,False
52dc6199-24f4-48bb-91c8-5e9fdd2dec11,20180721,2018-07-21,21,7,3,2018,6,29,True
8b718b11-f290-4aca-b5c4-2fe057c3b3fb,20180722,2018-07-22,22,7,3,2018,7,29,True
772e6ece-7055-42c9-8caa-000c4567229b,20180723,2018-07-23,23,7,3,2018,1,30,False
e0121011-f339-42e8-a9f7-acf9720b8315,20180724,2018-07-24,24,7,3,2018,2,30,False
d530d2a4-51ec-4e8a-9588-4958b4382566,20180725,2018-07-25,25,7,3,2018,3,30,False
daafc555-bc48-4fb6-b5b5-b7574e5e5835,20180726,2018-07-26,26,7,3,2018,4,30,False
84c8e18c-be2f-42fc-acd4-8a4b75d11302,20180727,2018-07-27,27,7,3,2018,5,30,False
d92255cc-3199-4062-b30e-378c280e179b,20180728,2018-07-28,28,7,3,2018,6,30,True
3fa8fa80-7a78-4ca1-a485-7680115a82bd,20180729,2018-07-29,29,7,3,2018,7,30,True
746e5e1c-e28f-47e4-a3a5-7c06cc653844,20180730,2018-07-30,30,7,3,2018,1,31,False
7884c834-1045-407d-954e-d0a151003f8e,20180731,2018-07-31,31,7,3,2018,2,31,False
89eb8b21-a111-4bc3-a5cf-4b669c17d7b5,20180801,2018-08-01,1,8,3,2018,3,31,False
f1b5bc60-8622-4354-b102-dcb4ba0019bc,20180802,2018-08-02,2,8,3,2018,4,31,False
cdd20c6d-4ca5-492c-9ee1-5bd0f15ddb7e,20180803,2018-08-03,3,8,3,2018,5,31,False
d29ee647-9e9f-40aa-9feb-6377455ed122,20180804,2018-08-04,4,8,3,2018,6,31,True
eec9e110-0c1b-4e4e-99c7-c8a9d7a49fb8,20180805,2018-08-05,5,8,3,2018,7,31,True
c9362e95-e010-42ed-89c8-24733d29e432,20180806,2018-08-06,6,8,3,2018,1,32,False
fb6a2dd2-240b-4357-848a-4c2148c8030f,20180807,2018-08-07,7,8,3,2018,2,32,False
88173ad4-43b7-47e6-9f02-21e594206a44,20180808,2018-08-08,8,8,3,2018,3,32,False
69e6c003-f5ff-4f95-934e-ba3a8ff7d2e1,20180809,2018-08-09,9,8,3,2018,4,32,False
0954c60b-5776-4aa3-80a0-6ee6375f988a,20180810,2018-08-10,10,8,3,2018,5,32,False
4a6e617e-ce94-449a-888d-53b40cc87af9,20180811,2018-08-11,11,8,3,2018,6,32,True
0dd80d8c-5687-4ada-b578-660d9b592a2c,20180812,2018-08-12,12,8,3,2018,7,32,True
c17ec1a9-9fda-4a27-9c0b-661344843ed3,20180813,2018-08-13,13,8,3,2018,1,33,False
8a2e506f-3ee1-4261-8225-d07aec0c1ebd,20180814,2018-08-14,14,8,3,2018,2,33,False
7bd3e65f-12bc-44ef-aab5-228d10513b05,20180815,2018-08-15,15,8,3,2018,3,33,False
f80621d9-eacb-4a06-9cdf-825fe455a4a0,20180816,2018-08-16,16,8,3,2018,4,33,False
c9636c22-bf27-44c3-aadb-ada0fd530fea,20180817,2018-08-17,17,8,3,2018,5,33,False
8d9f3dae-c488-4e09-a1b3-a238c9f25704,20180818,2018-08-18,18,8,3,2018,6,33,True
802f0793-7127-4816-8cbf-3cc369874890,20180819,2018-08-19,19,8,3,2018,7,33,True
8092804c-2d7f-4514-9cc0-7a3e4d04e23d,20180820,2018-08-20,20,8,3,2018,1,34,False
fab29872-3ff9-4c2e-92a4-8237a18d1818,20180821,2018-08-21,21,8,3,2018,2,34,False
f4535c32-983e-475d-8a65-9c10e19fd0b3,20180822,2018-08-22,22,8,3,2018,3,34,False
aab17f3d-eca5-425f-8524-aa5cac88fc83,20180823,2018-08-23,23,8,3,2018,4,34,False
6fca4a20-ef77-4735-a18f-992a1ca6833b,20180824,2018-08-24,24,8,3,2018,5,34,False
6c7c6258-9fc4-45e7-b7da-153c5c6ee2c1,20180825,2018-08-25,25,8,3,2018,6,34,True
660790d6-c42a-4fd0-aebe-8fded5de5600,20180826,2018-08-26,26,8,3,2018,7,34,True
7063bd41-6b50-42a2-8c73-d4c93e3f8b62,20180827,2018-08-27,27,8,3,2018,1,35,False
312aad15-99aa-4b1b-af43-5ced1eaa48b9,20180828,2018-08-28,28,8,3,2018,2,35,False
89d8358f-2761-42ef-aaf4-4e2562366514,20180829,2018-08-29,29,8,3,2018,3,35,False
550f16c6-0fd2-4cb3-9708-9f8b7178e73c,20180830,2018-08-30,30,8,3,2018,4,35,False
cbf2b138-fe41-4c67-8161-ecd3b60c1350,20180831,2018-08-31,31,8,3,2018,5,35,False
dc6659d1-997e-49c8-8c5b-b4529bfe503b,20180901,2018-09-01,1,9,3,2018,6,35,True
8cfe9685-27b1-4a56-9d4d-0275aedccc30,20180902,2018-09-02,2,9,3,2018,7,35,True
11695a4d-fa01-433a-a4d3-8c9af7f1d1ac,20180903,2018-09-03,3,9,3,2018,1,36,False
0bb6682a-767c-40cf-9d19-b7111f56bba8,20180904,2018-09-04,4,9,3,2018,2,36,False
7ad8f4b1-8117-4446-a88a-9ae4056b3032,20180905,2018-09-05,5,9,3,2018,3,36,False
0f2807b9-72a5-4646-990e-f54df180fe3b,20180906,2018-09-06,6,9,3,2018,4,36,False
97b88290-6aa1-433b-92f4-478c96a8a38f,20180908,2018-09-08,8,9,3,2018,6,36,True
2d90c943-19bc-4a7c-a096-44256542b24e,20180910,2018-09-10,10,9,3,2018,1,37,False
4cae26db-cbfc-4b5e-b53a-aa9fbe6a2393,20180911,2018-09-11,11,9,3,2018,2,37,False
8b39194a-5955-4c4d-8dfb-63f88c7f793b,20180912,2018-09-12,12,9,3,2018,3,37,False
fdcaa31c-5960-4313-b631-842a6a4f8363,20180913,2018-09-13,13,9,3,2018,4,37,False
47bf30ed-d72c-4e47-befb-2d83acf30e32,20180914,2018-09-14,14,9,3,2018,5,37,False
394158e8-9828-47c9-8c36-0748b110f155,20180917,2018-09-17,17,9,3,2018,1,38,False
fd053919-e40a-4c4c-917a-8a284790bae3,20180918,2018-09-18,18,9,3,2018,2,38,False
8f2d6234-aa6d-41d5-8d57-0fab9dc5e07d,20180919,2018-09-19,19,9,3,2018,3,38,False
4fd5dda3-761e-4ee5-ab5c-0818c29c42dd,20180920,2018-09-20,20,9,3,2018,4,38,False
77b23d7c-0db1-42de-8426-f5df11869814,20180921,2018-09-21,21,9,3,2018,5,38,False
9cd3b895-7ad8-4123-a104-8e02172e115e,20180924,2018-09-24,24,9,3,2018,1,39,False
f3771544-7c0b-46d1-860c-131e7a3b424f,20180925,2018-09-25,25,9,3,2018,2,39,False
0ae379ab-ba37-4c6c-85c8-d28202648744,20180926,2018-09-26,26,9,3,2018,3,39,False
7e151614-e06a-4093-8942-7fa901664d7d,20180927,2018-09-27,27,9,3,2018,4,39,False
38df3892-1064-4dd6-a7f1-a271075ce251,20180928,2018-09-28,28,9,3,2018,5,39,False
edf70d2e-47e5-4933-8081-c80506714b3a,20180929,2018-09-29,29,9,3,2018,6,39,True
5a6f5097-a361-43fd-9518-f329e8a486ec,20181001,2018-10-01,1,10,4,2018,1,40,False
e5c5bcd9-22b1-4cb6-b2d2-ee807dd4d879,20181002,2018-10-02,2,10,4,2018,2,40,False
f586b79b-6fa1-48ce-b999-2b5c4d86a009,20181003,2018-10-03,3,10,4,2018,3,40,False
2e322402-ab8d-4812-8555-01d9aa56bcc3,20181004,2018-10-04,4,10,4,2018,4,40,False
af5a0c67-5f6d-4917-81e9-2cf7680c95a5,20181005,2018-10-05,5,10,4,2018,5,40,False
ad1061bb-7a28-4301-be36-44ce5784a05a,20181010,2018-10-10,10,10,4,2018,3,41,False
6279af4b-3c2e-4264-bb90-6a70765b0454,20181011,2018-10-11,11,10,4,2018,4,41,False
2d0467d7-5242-46c3-8d91-bb1fda4236a3,20181015,2018-10-15,15,10,4,2018,1,42,False
df3c2985-0ef3-4117-811d-9d638973c5eb,20181016,2018-10-16,16,10,4,2018,2,42,False
df83f336-e16d-4798-b78f-6764b9799dac,20181017,2018-10-17,17,10,4,2018,3,42,False
4994feca-35f2-423f-98f0-49c0e6a55b0f,20181023,2018-10-23,23,10,4,2018,2,43,False
a4acc15a-c1a3-4557-a661-e6d237e83a7a,20181025,2018-10-25,25,10,4,2018,4,43,False
64c0789e-7b8d-4361-8fcb-f87868608d87,20181030,2018-10-30,30,10,4,2018,2,44,False
3596736e-17a1-424d-b56c-0267d0d666ec,20181112,2018-11-12,12,11,4,2018,1,46,False
fb940798-74d1-4728-8f16-12cac4480934,20200203,2020-02-03,3,2,1,2020,1,6,False
d9f48cee-8149-4dde-81f7-f7887c5f73bc,20200205,2020-02-05,5,2,1,2020,3,6,False
f5765009-e26a-4fc0-ba4b-f020763dd1cb,20200409,2020-04-09,9,4,2,2020,4,15,False
