year,month,category_name_en,revenue_items_only,sold_items
2016,9,health_beauty,134.97,3
2016,9,furniture_decor,72.89,2
2016,9,telephony,59.5,1
2016,10,furniture_decor,5807.89,67
2016,10,perfumery,5688.7,33
2016,10,health_beauty,4552.51,48
2016,10,toys,4465.09,27
2016,10,consoles_games,3882.26,10
2016,10,watches_gifts,3360.24,5
2016,10,sports_leisure,3333.64,19
2016,10,auto,1833.25,12
2016,10,air_conditioning,1707.09,10
2016,10,baby,1630.16,14
2016,10,computers_accessories,1399.32,21
2016,10,garden_tools,1359.88,5
2016,10,electronics,1306.99,2
2016,10,market_place,1306.19,13
2016,10,office_furniture,1300.88,6
2016,10,housewares,1287.07,12
2016,10,cool_stuff,1111.0,8
2016,10,fixed_telephony,704.88,5
2016,10,pet_shop,689.68,4
2016,10,fashion_bags_accessories,508.3,9
2016,10,telephony,500.08,10
2016,10,bed_bath_table,478.99,8
2016,10,industry_commerce_and_business,359.6,4
2016,10,books_technical,267.0,1
2016,10,audio,156.99,2
2016,10,diapers_and_hygiene,134.9,1
2016,10,books_general_interest,119.5,1
2016,10,food,79.9,1
2016,10,unknown,65.89,2
2016,10,fashio_female_clothing,54.9,1
2016,10,fashion_shoes,29.99,1
2016,10,fashion_male_clothing,24.9,1
2016,12,fashion_bags_accessories,10.9,1
2017,1,furniture_decor,13521.31,182
2017,1,health_beauty,12561.32,85
2017,1,sports_leisure,9717.62,80
2017,1,garden_tools,8152.75,58
2017,1,watches_gifts,8086.52,11
2017,1,cool_stuff,7784.87,40
2017,1,baby,6397.87,41
2017,1,consoles_games,5954.2,23
2017,1,auto,5218.53,34
2017,1,perfumery,5112.6,34
2017,1,toys,4814.09,43
2017,1,bed_bath_table,3960.16,48
2017,1,computers_accessories,3924.14,31
2017,1,telephony,2945.86,26
2017,1,housewares,2827.58,28
2017,1,computers,2199.99,1
2017,1,home_appliances_2,2126.68,8
2017,1,unknown,1702.64,13
2017,1,fashion_bags_accessories,1671.97,35
2017,1,small_appliances,1660.79,6
2017,1,stationery,1561.99,14
2017,1,office_furniture,1444.35,10
2017,1,furniture_living_room,1241.9,10
2017,1,pet_shop,967.12,15
2017,1,fixed_telephony,677.12,22
2017,1,air_conditioning,663.7,4
2017,1,electronics,617.0,11
2017,1,luggage_accessories,492.5,5
2017,1,market_place,447.04,6
2017,1,musical_instruments,339.74,1
2017,1,construction_tools_construction,310.0,1
2017,1,books_general_interest,234.89,2
2017,1,security_and_services,183.29,1
2017,1,fashion_underwear_beach,137.25,2
2017,1,fashion_male_clothing,126.9,1
2017,1,kitchen_dining_laundry_garden_furniture,110.0,1
2017,1,fashio_female_clothing,77.3,2
2017,1,furniture_bedroom,73.2,8
2017,1,home_comfort_2,72.8,2
2017,1,agro_industry_and_commerce,65.97,3
2017,1,food,42.82,2
2017,1,fashion_shoes,34.9,1
2017,1,dvds_blu_ray,29.8,2
2017,1,music,19.8,2
2017,2,health_beauty,22838.79,166
2017,2,furniture_decor,20986.1,266
2017,2,sports_leisure,16372.16,156
2017,2,bed_bath_table,16282.73,165
2017,2,cool_stuff,13323.6,70
2017,2,auto,13162.4,86
2017,2,garden_tools,13144.61,72
2017,2,housewares,12659.67,81
2017,2,computers_accessories,11972.59,106
2017,2,office_furniture,11805.98,63
2017,2,watches_gifts,11756.21,37
2017,2,toys,9403.34,67
2017,2,unknown,9034.1,58
2017,2,perfumery,8127.18,51
2017,2,small_appliances,7251.58,28
2017,2,telephony,6899.09,111
2017,2,consoles_games,4294.77,18
2017,2,furniture_living_room,3791.63,24
2017,2,pet_shop,3729.07,40
2017,2,computers,3549.0,1
2017,2,air_conditioning,3095.3,12
2017,2,baby,3048.48,34
2017,2,fashion_bags_accessories,2374.11,39
2017,2,stationery,2341.4,19
2017,2,musical_instruments,2221.28,9
2017,2,luggage_accessories,1694.18,21
2017,2,market_place,1688.22,22
2017,2,electronics,1218.85,19
2017,2,tablets_printing_image,792.0,8
2017,2,books_general_interest,772.71,8
2017,2,fixed_telephony,759.23,22
2017,2,home_appliances,740.9,7
2017,2,food,715.63,9
2017,2,home_construction,695.6,4
2017,2,fashion_male_clothing,642.85,7
2017,2,costruction_tools_garden,579.98,2
2017,2,fashio_female_clothing,457.8,4
2017,2,furniture_bedroom,450.0,1
2017,2,home_confort,414.66,3
2017,2,fashion_underwear_beach,396.97,8
2017,2,construction_tools_safety,379.0,1
2017,2,construction_tools_construction,336.79,3
2017,2,agro_industry_and_commerce,224.84,7
2017,2,audio,163.8,5
2017,2,books_technical,159.0,1
2017,2,kitchen_dining_laundry_garden_furniture,139.9,2
2017,2,industry_commerce_and_business,119.0,1
2017,2,fashion_shoes,107.05,3
2017,2,books_imported,99.0,1
2017,2,cine_photo,59.0,1
2017,2,home_appliances_2,15.99,1
2017,2,dvds_blu_ray,14.9,1
2017,3,computers_accessories,28624.6,174
2017,3,sports_leisure,27001.59,199
2017,3,watches_gifts,26770.38,81
2017,3,health_beauty,25995.25,211
2017,3,bed_bath_table,25773.02,289
2017,3,garden_tools,23747.15,150
2017,3,furniture_decor,23477.63,328
2017,3,cool_stuff,21095.21,123
2017,3,perfumery,19808.13,106
2017,3,auto,14482.07,87
2017,3,housewares,13511.81,204
2017,3,toys,12429.47,103
2017,3,office_furniture,11783.51,78
2017,3,small_appliances,11171.06,31
2017,3,consoles_games,10768.84,50
2017,3,pet_shop,8369.96,45
2017,3,telephony,8121.05,172
2017,3,unknown,6714.17,63
2017,3,luggage_accessories,5924.01,38
2017,3,stationery,5902.62,56
2017,3,fashion_bags_accessories,4861.16,68
2017,3,air_conditioning,4103.81,17
2017,3,electronics,3986.0,37
2017,3,baby,3724.08,44
2017,3,furniture_living_room,3324.0,24
2017,3,food,2667.56,24
2017,3,books_general_interest,2648.96,25
2017,3,home_confort,2123.4,13
2017,3,dvds_blu_ray,1873.7,5
2017,3,market_place,1808.59,17
2017,3,musical_instruments,1667.33,10
2017,3,fixed_telephony,1592.35,21
2017,3,fashion_shoes,1515.0,14
2017,3,audio,1134.77,14
2017,3,construction_tools_construction,773.4,4
2017,3,home_construction,591.96,10
2017,3,fashion_male_clothing,580.8,9
2017,3,home_appliances_2,500.9,2
2017,3,tablets_printing_image,495.0,5
2017,3,drinks,463.87,5
2017,3,fashion_underwear_beach,394.14,6
2017,3,construction_tools_safety,380.0,2
2017,3,home_comfort_2,342.88,3
2017,3,home_appliances,313.3,10
2017,3,industry_commerce_and_business,238.0,2
2017,3,art,223.25,5
2017,3,kitchen_dining_laundry_garden_furniture,113.98,3
2017,3,food_drink,110.8,5
2017,3,agro_industry_and_commerce,81.99,2
2017,3,books_technical,75.0,2
2017,3,signaling_and_security,75.0,1
2017,3,fashion_sport,39.9,1
2017,3,music,27.99,1
2017,3,fashio_female_clothing,19.9,1
2017,4,sports_leisure,24864.33,218
2017,4,bed_bath_table,24347.69,274
2017,4,watches_gifts,23487.78,97
2017,4,small_appliances,23253.98,21
2017,4,health_beauty,22935.75,189
2017,4,cool_stuff,21822.08,121
2017,4,furniture_decor,21690.42,203
2017,4,garden_tools,20809.28,119
2017,4,computers_accessories,20691.06,136
2017,4,perfumery,19891.11,105
2017,4,auto,15548.17,88
2017,4,housewares,15028.84,183
2017,4,toys,13039.43,113
2017,4,office_furniture,9411.3,58
2017,4,unknown,8953.07,73
2017,4,telephony,7245.87,145
2017,4,luggage_accessories,7150.2,49
2017,4,pet_shop,6182.89,51
2017,4,electronics,4822.24,48
2017,4,stationery,4606.34,36
2017,4,market_place,4090.18,20
2017,4,baby,3980.45,51
2017,4,musical_instruments,3818.43,16
2017,4,consoles_games,3772.88,17
2017,4,fashion_bags_accessories,3219.8,50
2017,4,fixed_telephony,2998.33,11
2017,4,air_conditioning,2582.23,16
2017,4,home_confort,2411.1,17
2017,4,furniture_living_room,2073.34,12
2017,4,home_construction,1602.69,5
2017,4,fashion_shoes,1526.5,23
2017,4,costruction_tools_garden,1490.21,8
2017,4,dvds_blu_ray,1434.9,2
2017,4,tablets_printing_image,1112.88,11
2017,4,kitchen_dining_laundry_garden_furniture,1033.4,9
2017,4,audio,942.2,11
2017,4,books_general_interest,923.38,12
2017,4,furniture_bedroom,858.96,5
2017,4,home_appliances_2,799.8,2
2017,4,costruction_tools_tools,729.0,1
2017,4,home_appliances,499.4,10
2017,4,food,491.3,8
2017,4,fashion_male_clothing,416.69,7
2017,4,drinks,199.93,7
2017,4,fashion_sport,189.78,4
2017,4,signaling_and_security,128.06,3
2017,4,art,119.9,1
2017,4,cine_photo,118.0,2
2017,4,furniture_mattress_and_upholstery,109.4,1
2017,4,fashion_underwear_beach,98.79,4
2017,4,books_technical,75.0,1
2017,4,christmas_supplies,69.0,1
2017,4,fashio_female_clothing,64.9,1
2017,4,music,59.8,2
2017,4,food_drink,47.9,3
2017,4,la_cuisine,24.0,1
2017,4,books_imported,19.99,1
2017,4,home_comfort_2,12.9,1
2017,5,health_beauty,46786.02,290
2017,5,computers_accessories,45634.78,320
2017,5,watches_gifts,37973.9,135
2017,5,sports_leisure,36163.5,316
2017,5,cool_stuff,33696.47,247
2017,5,bed_bath_table,33346.45,369
2017,5,furniture_decor,24028.51,279
2017,5,toys,22626.95,200
2017,5,housewares,21726.48,307
2017,5,garden_tools,20693.46,141
2017,5,perfumery,20119.04,145
2017,5,auto,18640.03,125
2017,5,luggage_accessories,12539.62,70
2017,5,unknown,11091.93,97
2017,5,musical_instruments,10019.43,21
2017,5,baby,9849.51,108
2017,5,telephony,9264.1,224
2017,5,office_furniture,8403.43,56
2017,5,pet_shop,8151.02,73
2017,5,fashion_bags_accessories,7498.67,110
2017,5,art,6967.65,8
2017,5,electronics,6709.11,68
2017,5,stationery,6049.98,66
2017,5,home_confort,5293.87,37
2017,5,small_appliances,5241.44,18
2017,5,furniture_living_room,4929.43,34
2017,5,home_appliances_2,3093.04,9
2017,5,consoles_games,2507.2,29
2017,5,market_place,2476.98,22
2017,5,furniture_bedroom,2369.97,9
2017,5,audio,2081.18,17
2017,5,home_appliances,1912.79,28
2017,5,books_general_interest,1841.57,20
2017,5,fashion_shoes,1669.54,22
2017,5,home_construction,1620.5,7
2017,5,agro_industry_and_commerce,1579.94,4
2017,5,costruction_tools_garden,1577.24,8
2017,5,tablets_printing_image,1514.98,7
2017,5,kitchen_dining_laundry_garden_furniture,1304.48,9
2017,5,air_conditioning,1016.77,8
2017,5,costruction_tools_tools,803.9,2
2017,5,fashion_male_clothing,608.9,4
2017,5,furniture_mattress_and_upholstery,595.89,3
2017,5,industry_commerce_and_business,519.8,2
2017,5,signaling_and_security,508.85,4
2017,5,fixed_telephony,462.33,10
2017,5,fashio_female_clothing,422.4,5
2017,5,food_drink,416.29,17
2017,5,food,387.9,3
2017,5,fashion_underwear_beach,283.5,7
2017,5,books_technical,262.0,3
2017,5,la_cuisine,193.0,1
2017,5,fashion_sport,124.84,3
2017,5,fashion_childrens_clothes,110.0,1
2017,5,construction_tools_construction,99.99,1
2017,5,drinks,90.0,1
2017,5,dvds_blu_ray,89.6,4
2017,5,cine_photo,59.0,1
2017,5,arts_and_craftmanship,21.99,1
2017,6,cool_stuff,38244.5,201
2017,6,computers_accessories,37007.08,261
2017,6,bed_bath_table,35114.81,382
2017,6,sports_leisure,32898.33,277
2017,6,health_beauty,32029.39,260
2017,6,auto,31370.69,112
2017,6,watches_gifts,28948.63,124
2017,6,perfumery,24438.1,154
2017,6,housewares,23623.71,331
2017,6,furniture_decor,16943.58,233
2017,6,garden_tools,15851.17,114
2017,6,toys,15476.35,158
2017,6,small_appliances,9698.81,23
2017,6,luggage_accessories,8232.09,61
2017,6,baby,7864.74,78
2017,6,office_furniture,7279.13,50
2017,6,fashion_bags_accessories,6831.03,83
2017,6,telephony,6757.62,160
2017,6,unknown,5657.78,64
2017,6,consoles_games,5389.02,30
2017,6,pet_shop,5243.57,64
2017,6,musical_instruments,4993.05,20
2017,6,stationery,3493.57,38
2017,6,home_confort,3056.19,18
2017,6,home_appliances,2507.19,43
2017,6,electronics,2100.04,42
2017,6,air_conditioning,2084.48,11
2017,6,home_construction,1992.3,8
2017,6,books_general_interest,1940.08,21
2017,6,furniture_living_room,1713.3,15
2017,6,audio,1671.0,11
2017,6,agro_industry_and_commerce,1390.0,1
2017,6,fashion_shoes,1351.2,20
2017,6,market_place,1258.95,16
2017,6,home_appliances_2,1213.87,6
2017,6,music,1066.9,4
2017,6,fixed_telephony,933.67,12
2017,6,tablets_printing_image,594.0,6
2017,6,fashion_male_clothing,569.69,10
2017,6,fashion_sport,495.49,6
2017,6,costruction_tools_garden,434.69,4
2017,6,art,421.7,10
2017,6,construction_tools_construction,376.37,8
2017,6,kitchen_dining_laundry_garden_furniture,374.8,4
2017,6,furniture_bedroom,308.99,2
2017,6,industry_commerce_and_business,276.97,2
2017,6,signaling_and_security,273.9,2
2017,6,christmas_supplies,184.7,3
2017,6,fashio_female_clothing,154.8,3
2017,6,food,149.9,1
2017,6,books_technical,145.9,2
2017,6,dvds_blu_ray,126.69,4
2017,6,fashion_childrens_clothes,110.0,1
2017,6,books_imported,99.0,2
2017,6,cine_photo,79.0,1
2017,6,small_appliances_home_oven_and_coffee,71.9,1
2017,6,food_drink,57.4,2
2017,6,drinks,49.99,1
2017,6,home_comfort_2,12.9,1
2017,6,fashion_underwear_beach,3.9,1
2017,7,bed_bath_table,63888.75,579
2017,7,sports_leisure,38813.41,387
2017,7,computers_accessories,38709.0,326
2017,7,cool_stuff,37506.76,230
2017,7,watches_gifts,36804.56,168
2017,7,health_beauty,34896.86,316
2017,7,furniture_decor,24751.92,320
2017,7,toys,24511.72,207
2017,7,housewares,20874.3,276
2017,7,garden_tools,20067.05,190
2017,7,office_furniture,16892.61,115
2017,7,baby,15941.11,129
2017,7,auto,14119.74,117
2017,7,perfumery,12910.02,126
2017,7,telephony,9064.86,144
2017,7,musical_instruments,8411.59,32
2017,7,luggage_accessories,8357.61,74
2017,7,electronics,7346.84,97
2017,7,stationery,7091.75,80
2017,7,pet_shop,6605.87,86
2017,7,consoles_games,5680.16,48
2017,7,fashion_bags_accessories,5193.1,88
2017,7,small_appliances,4621.36,34
2017,7,home_confort,4563.85,43
2017,7,furniture_living_room,4395.12,31
2017,7,home_appliances,3671.99,37
2017,7,unknown,3124.66,61
2017,7,market_place,1573.38,13
2017,7,fashion_shoes,1423.01,20
2017,7,air_conditioning,1396.1,5
2017,7,kitchen_dining_laundry_garden_furniture,1316.5,11
2017,7,books_general_interest,1292.4,13
2017,7,furniture_bedroom,1206.99,5
2017,7,agro_industry_and_commerce,1180.0,1
2017,7,home_appliances_2,1033.99,7
2017,7,audio,771.69,7
2017,7,dvds_blu_ray,749.7,4
2017,7,fashion_male_clothing,719.99,9
2017,7,food,584.16,7
2017,7,construction_tools_construction,549.44,6
2017,7,signaling_and_security,530.19,6
2017,7,books_technical,528.0,2
2017,7,la_cuisine,469.99,4
2017,7,art,386.75,3
2017,7,construction_tools_lights,360.0,1
2017,7,costruction_tools_garden,347.58,8
2017,7,music,329.0,1
2017,7,fashio_female_clothing,310.7,4
2017,7,fashion_underwear_beach,274.8,3
2017,7,drinks,273.97,3
2017,7,industry_commerce_and_business,245.96,2
2017,7,cds_dvds_musicals,225.0,5
2017,7,fixed_telephony,218.73,9
2017,7,tablets_printing_image,198.0,2
2017,7,food_drink,168.2,8
2017,7,arts_and_craftmanship,129.9,1
2017,7,furniture_mattress_and_upholstery,109.4,1
2017,7,home_construction,93.6,2
2017,7,fashion_sport,69.9,1
2017,7,party_supplies,69.9,1
2017,7,christmas_supplies,65.09,2
2017,7,home_comfort_2,12.9,1
2017,8,bed_bath_table,57137.23,512
2017,8,health_beauty,49873.9,360
2017,8,sports_leisure,41732.26,425
2017,8,cool_stuff,41720.03,264
2017,8,watches_gifts,36419.2,212
2017,8,furniture_decor,35511.73,436
2017,8,computers_accessories,35025.72,350
2017,8,computers,33700.0,29
2017,8,garden_tools,24269.4,238
2017,8,housewares,23733.94,288
2017,8,auto,20421.11,166
2017,8,baby,19982.13,132
2017,8,toys,18126.87,184
2017,8,perfumery,13142.09,128
2017,8,telephony,10930.29,136
2017,8,pet_shop,10500.79,90
2017,8,office_furniture,9877.36,58
2017,8,consoles_games,8824.25,90
2017,8,musical_instruments,7185.55,27
2017,8,luggage_accessories,6833.1,63
2017,8,fashion_bags_accessories,6617.68,99
2017,8,stationery,6366.91,80
2017,8,unknown,5243.4,77
2017,8,home_appliances,4587.05,49
2017,8,small_appliances,4297.01,36
2017,8,air_conditioning,4271.73,15
2017,8,home_appliances_2,4004.55,17
2017,8,home_confort,4000.19,28
2017,8,fixed_telephony,3343.54,20
2017,8,books_general_interest,3214.8,29
2017,8,electronics,2854.15,56
2017,8,furniture_living_room,2478.07,23
2017,8,market_place,1937.39,23
2017,8,fashion_shoes,1491.69,22
2017,8,costruction_tools_garden,1286.19,10
2017,8,fashion_male_clothing,1205.05,15
2017,8,books_technical,1196.38,9
2017,8,construction_tools_construction,1180.0,7
2017,8,fashion_underwear_beach,1111.0,13
2017,8,audio,1050.7,7
2017,8,kitchen_dining_laundry_garden_furniture,1006.2,7
2017,8,industry_commerce_and_business,956.9,3
2017,8,furniture_bedroom,618.0,3
2017,8,construction_tools_lights,589.0,2
2017,8,furniture_mattress_and_upholstery,509.39,2
2017,8,food_drink,494.81,15
2017,8,tablets_printing_image,450.89,6
2017,8,signaling_and_security,377.8,4
2017,8,food,364.5,8
2017,8,la_cuisine,313.0,2
2017,8,fashion_sport,265.8,2
2017,8,art,244.7,4
2017,8,fashio_female_clothing,188.7,4
2017,8,cds_dvds_musicals,135.0,3
2017,8,home_construction,124.8,1
2017,8,drinks,119.9,2
2017,8,dvds_blu_ray,113.4,6
2017,8,small_appliances_home_oven_and_coffee,109.06,2
2017,8,agro_industry_and_commerce,88.0,4
2017,8,books_imported,61.0,1
2017,8,christmas_supplies,58.9,1
2017,8,fashion_childrens_clothes,49.9,1
2017,8,home_comfort_2,38.7,3
2017,8,construction_tools_safety,8.9,1
2017,9,computers,52878.88,41
2017,9,bed_bath_table,52473.2,533
2017,9,health_beauty,51537.65,380
2017,9,sports_leisure,50167.48,461
2017,9,watches_gifts,47135.6,268
2017,9,cool_stuff,38210.34,207
2017,9,toys,31399.22,297
2017,9,furniture_decor,30838.69,348
2017,9,computers_accessories,28930.98,253
2017,9,baby,24366.3,174
2017,9,garden_tools,22507.23,225
2017,9,housewares,20313.26,255
2017,9,telephony,18559.25,177
2017,9,perfumery,14744.87,160
2017,9,auto,14544.67,108
2017,9,fixed_telephony,13692.91,13
2017,9,fashion_bags_accessories,11948.22,124
2017,9,small_appliances,10965.63,33
2017,9,office_furniture,9208.65,61
2017,9,musical_instruments,9034.97,28
2017,9,consoles_games,8910.37,66
2017,9,pet_shop,8534.92,71
2017,9,stationery,6130.41,77
2017,9,unknown,5904.14,74
2017,9,home_confort,4592.34,33
2017,9,electronics,4338.96,67
2017,9,luggage_accessories,3885.38,42
2017,9,agro_industry_and_commerce,1993.99,4
2017,9,home_appliances,1820.19,10
2017,9,fashion_underwear_beach,1789.7,18
2017,9,air_conditioning,1731.05,8
2017,9,home_appliances_2,1627.8,6
2017,9,home_construction,1357.81,11
2017,9,construction_tools_construction,1289.2,11
2017,9,furniture_living_room,1275.87,11
2017,9,fashion_shoes,1179.6,14
2017,9,fashion_male_clothing,1177.5,16
2017,9,market_place,1147.21,11
2017,9,construction_tools_safety,1124.54,5
2017,9,audio,1042.59,10
2017,9,books_technical,1001.35,8
2017,9,food,992.92,17
2017,9,books_general_interest,965.14,15
2017,9,costruction_tools_tools,916.89,3
2017,9,furniture_bedroom,709.6,4
2017,9,small_appliances_home_oven_and_coffee,640.99,1
2017,9,kitchen_dining_laundry_garden_furniture,464.09,5
2017,9,signaling_and_security,438.4,9
2017,9,art,388.54,3
2017,9,fashion_sport,384.6,5
2017,9,fashio_female_clothing,355.7,4
2017,9,drinks,327.97,8
2017,9,food_drink,310.86,9
2017,9,costruction_tools_garden,297.5,6
2017,9,books_imported,290.0,4
2017,9,party_supplies,269.8,2
2017,9,christmas_supplies,254.7,4
2017,9,tablets_printing_image,233.9,3
2017,9,construction_tools_lights,229.0,1
2017,9,industry_commerce_and_business,219.98,2
2017,9,security_and_services,100.0,1
2017,9,fashion_childrens_clothes,89.99,1
2017,9,furniture_mattress_and_upholstery,86.5,1
2017,9,cine_photo,69.0,1
2017,9,dvds_blu_ray,39.8,2
2017,9,home_comfort_2,12.9,1
2017,10,watches_gifts,65959.53,314
2017,10,sports_leisure,49751.45,471
2017,10,bed_bath_table,46198.0,545
2017,10,cool_stuff,44910.01,258
2017,10,computers_accessories,44022.09,322
2017,10,health_beauty,41915.72,361
2017,10,computers,40393.92,27
2017,10,toys,34633.01,290
2017,10,furniture_decor,30227.51,379
2017,10,garden_tools,25978.74,281
2017,10,telephony,22850.76,253
2017,10,auto,21505.28,150
2017,10,unknown,18800.48,73
2017,10,office_furniture,17890.83,102
2017,10,perfumery,16984.62,189
2017,10,baby,16497.5,138
2017,10,housewares,15996.63,235
2017,10,consoles_games,10608.87,109
2017,10,stationery,8607.86,101
2017,10,pet_shop,8243.58,76
2017,10,fashion_bags_accessories,7906.06,110
2017,10,musical_instruments,6859.16,27
2017,10,small_appliances,6464.85,32
2017,10,luggage_accessories,6240.34,56
2017,10,home_construction,4201.17,18
2017,10,fixed_telephony,3751.88,7
2017,10,home_confort,3619.8,27
2017,10,electronics,3454.32,63
2017,10,kitchen_dining_laundry_garden_furniture,3428.6,16
2017,10,agro_industry_and_commerce,3350.28,5
2017,10,home_appliances_2,2803.17,10
2017,10,construction_tools_construction,2576.18,19
2017,10,air_conditioning,2562.42,12
2017,10,audio,2348.48,32
2017,10,food_drink,2297.23,17
2017,10,industry_commerce_and_business,2256.69,5
2017,10,home_appliances,1951.08,8
2017,10,fashion_shoes,1860.92,18
2017,10,construction_tools_safety,1668.85,12
2017,10,furniture_living_room,1532.79,19
2017,10,furniture_bedroom,1193.9,4
2017,10,fashion_male_clothing,1041.8,11
2017,10,market_place,1019.54,11
2017,10,costruction_tools_tools,1018.6,5
2017,10,books_technical,880.0,6
2017,10,food,806.06,17
2017,10,costruction_tools_garden,746.9,9
2017,10,signaling_and_security,744.0,10
2017,10,books_general_interest,734.5,11
2017,10,drinks,596.98,12
2017,10,construction_tools_lights,500.0,2
2017,10,christmas_supplies,388.05,12
2017,10,art,349.05,3
2017,10,dvds_blu_ray,194.5,5
2017,10,fashion_underwear_beach,187.8,3
2017,10,party_supplies,137.8,2
2017,10,la_cuisine,137.0,1
2017,10,tablets_printing_image,99.0,1
2017,10,cine_photo,69.0,1
2017,10,home_comfort_2,64.5,5
2017,10,fashion_sport,59.9,1
2017,10,music,54.9,1
2017,10,cds_dvds_musicals,45.0,1
2017,10,fashion_childrens_clothes,39.99,1
2017,11,watches_gifts,97724.57,469
2017,11,bed_bath_table,89412.54,975
2017,11,health_beauty,79120.4,584
2017,11,computers_accessories,72656.0,532
2017,11,sports_leisure,64874.05,612
2017,11,toys,64320.89,495
2017,11,furniture_decor,63223.97,783
2017,11,cool_stuff,56295.24,302
2017,11,garden_tools,45972.18,550
2017,11,auto,34955.38,263
2017,11,housewares,34855.32,423
2017,11,perfumery,31831.81,311
2017,11,telephony,26564.88,383
2017,11,baby,21738.78,203
2017,11,office_furniture,18048.2,102
2017,11,stationery,16699.09,166
2017,11,musical_instruments,16509.9,49
2017,11,unknown,14115.98,122
2017,11,agro_industry_and_commerce,13932.49,19
2017,11,fashion_bags_accessories,13414.89,200
2017,11,consoles_games,12608.88,134
2017,11,pet_shop,11325.68,99
2017,11,electronics,10026.14,184
2017,11,computers,9768.0,7
2017,11,luggage_accessories,8538.95,72
2017,11,small_appliances,7826.82,31
2017,11,construction_tools_construction,6993.56,47
2017,11,furniture_living_room,6212.95,39
2017,11,home_confort,5355.39,45
2017,11,kitchen_dining_laundry_garden_furniture,5007.39,33
2017,11,home_construction,4936.72,38
2017,11,home_appliances_2,4854.93,13
2017,11,home_appliances,4515.94,25
2017,11,air_conditioning,4076.62,19
2017,11,audio,3677.23,36
2017,11,construction_tools_safety,3318.59,15
2017,11,books_general_interest,2664.96,38
2017,11,food_drink,2445.57,33
2017,11,construction_tools_lights,2199.48,10
2017,11,industry_commerce_and_business,2074.77,7
2017,11,fashion_shoes,1777.7,20
2017,11,market_place,1355.98,16
2017,11,christmas_supplies,1340.58,24
2017,11,fashion_underwear_beach,1221.6,10
2017,11,costruction_tools_garden,1218.5,17
2017,11,fixed_telephony,943.98,5
2017,11,fashion_male_clothing,929.99,12
2017,11,furniture_bedroom,873.0,3
2017,11,party_supplies,870.69,4
2017,11,books_technical,768.9,6
2017,11,drinks,748.61,19
2017,11,signaling_and_security,596.79,5
2017,11,food,556.95,17
2017,11,tablets_printing_image,350.4,6
2017,11,furniture_mattress_and_upholstery,334.0,2
2017,11,books_imported,324.0,4
2017,11,costruction_tools_tools,269.5,5
2017,11,cine_photo,242.0,1
2017,11,cds_dvds_musicals,195.0,3
2017,11,flowers,187.8,6
2017,11,la_cuisine,137.0,1
2017,11,fashio_female_clothing,79.88,3
2017,11,dvds_blu_ray,79.79,3
2017,11,art,75.0,1
2017,11,fashion_sport,59.9,1
2017,11,home_comfort_2,38.7,3
2017,12,watches_gifts,71727.62,367
2017,12,health_beauty,61264.66,466
2017,12,sports_leisure,59792.66,493
2017,12,toys,57194.14,445
2017,12,bed_bath_table,50505.85,552
2017,12,auto,39287.64,268
2017,12,cool_stuff,39011.54,252
2017,12,computers_accessories,37880.65,287
2017,12,furniture_decor,32011.75,390
2017,12,perfumery,27864.43,241
2017,12,garden_tools,27689.69,325
2017,12,housewares,25921.95,295
2017,12,stationery,25731.0,251
2017,12,baby,19943.08,143
2017,12,computers,16741.0,23
2017,12,unknown,16224.92,146
2017,12,telephony,13611.01,267
2017,12,musical_instruments,10823.5,42
2017,12,fashion_bags_accessories,10028.46,135
2017,12,consoles_games,9075.01,93
2017,12,small_appliances,8913.77,29
2017,12,electronics,8537.51,210
2017,12,pet_shop,7227.23,74
2017,12,office_furniture,6964.36,49
2017,12,home_construction,6735.3,39
2017,12,luggage_accessories,6248.21,47
2017,12,construction_tools_construction,5830.35,27
2017,12,agro_industry_and_commerce,5291.7,11
2017,12,kitchen_dining_laundry_garden_furniture,4277.3,20
2017,12,audio,2686.93,17
2017,12,books_general_interest,2397.1,42
2017,12,furniture_living_room,2316.01,20
2017,12,home_confort,2257.8,14
2017,12,drinks,2132.84,34
2017,12,home_appliances_2,1990.16,8
2017,12,industry_commerce_and_business,1828.5,9
2017,12,construction_tools_safety,1384.92,7
2017,12,home_appliances,1331.0,16
2017,12,fashion_underwear_beach,1173.1,13
2017,12,fashion_shoes,1099.0,13
2017,12,food_drink,1098.68,22
2017,12,fixed_telephony,998.77,5
2017,12,food,978.19,14
2017,12,costruction_tools_garden,928.9,6
2017,12,furniture_mattress_and_upholstery,803.7,8
2017,12,signaling_and_security,770.0,2
2017,12,market_place,703.25,14
2017,12,books_technical,670.69,4
2017,12,air_conditioning,668.8,3
2017,12,party_supplies,515.2,2
2017,12,christmas_supplies,493.9,16
2017,12,fashion_male_clothing,450.89,4
2017,12,tablets_printing_image,419.4,6
2017,12,costruction_tools_tools,349.4,6
2017,12,books_imported,231.0,3
2017,12,furniture_bedroom,185.0,1
2017,12,construction_tools_lights,176.0,2
2017,12,dvds_blu_ray,119.9,1
2017,12,art,115.25,3
2017,12,flowers,82.7,2
2017,12,diapers_and_hygiene,76.0,2
2017,12,cds_dvds_musicals,65.0,1
2017,12,fashion_sport,59.9,1
2018,1,sports_leisure,91574.33,654
2018,1,computers_accessories,83257.45,707
2018,1,bed_bath_table,76377.79,848
2018,1,watches_gifts,75621.24,370
2018,1,health_beauty,72470.49,628
2018,1,furniture_decor,55438.18,612
2018,1,stationery,41023.91,397
2018,1,cool_stuff,39739.7,300
2018,1,housewares,38078.31,359
2018,1,auto,35995.02,268
2018,1,baby,30058.47,223
2018,1,garden_tools,27037.94,240
2018,1,unknown,22489.45,208
2018,1,toys,21948.23,165
2018,1,office_furniture,20113.41,145
2018,1,perfumery,20036.89,229
2018,1,luggage_accessories,18738.22,128
2018,1,electronics,15996.68,351
2018,1,small_appliances,15450.76,55
2018,1,musical_instruments,15405.58,53
2018,1,telephony,14879.96,372
2018,1,pet_shop,10885.96,90
2018,1,construction_tools_construction,9664.18,48
2018,1,home_appliances_2,8630.1,13
2018,1,consoles_games,8200.98,54
2018,1,fashion_bags_accessories,7931.72,125
2018,1,computers,7450.0,12
2018,1,agro_industry_and_commerce,5853.44,18
2018,1,home_construction,5827.58,42
2018,1,kitchen_dining_laundry_garden_furniture,4838.5,21
2018,1,air_conditioning,4674.74,29
2018,1,costruction_tools_garden,3927.98,24
2018,1,audio,3820.28,26
2018,1,industry_commerce_and_business,3662.0,19
2018,1,home_confort,3020.16,18
2018,1,art,2540.77,19
2018,1,fixed_telephony,2444.1,10
2018,1,construction_tools_lights,2392.99,7
2018,1,furniture_living_room,2308.1,22
2018,1,drinks,2307.61,52
2018,1,construction_tools_safety,2228.89,11
2018,1,books_general_interest,2180.15,45
2018,1,home_appliances,1795.05,28
2018,1,books_technical,1176.55,17
2018,1,signaling_and_security,1048.79,8
2018,1,furniture_bedroom,914.8,5
2018,1,food,868.41,20
2018,1,furniture_mattress_and_upholstery,860.5,9
2018,1,christmas_supplies,851.5,10
2018,1,market_place,818.72,14
2018,1,fashion_underwear_beach,754.5,8
2018,1,fashion_shoes,666.7,9
2018,1,books_imported,583.0,6
2018,1,fashion_male_clothing,550.6,6
2018,1,costruction_tools_tools,532.3,8
2018,1,small_appliances_home_oven_and_coffee,369.99,1
2018,1,food_drink,341.17,11
2018,1,flowers,284.6,10
2018,1,cine_photo,199.98,2
2018,1,tablets_printing_image,161.8,3
2018,1,fashio_female_clothing,161.79,3
2018,1,party_supplies,135.8,2
2018,1,diapers_and_hygiene,125.0,5
2018,1,fashion_sport,119.8,2
2018,1,la_cuisine,112.0,1
2018,1,dvds_blu_ray,49.8,2
2018,1,music,24.97,1
2018,2,computers_accessories,100855.23,981
2018,2,health_beauty,86996.06,668
2018,2,sports_leisure,75863.95,651
2018,2,watches_gifts,63462.18,337
2018,2,bed_bath_table,60690.88,690
2018,2,auto,41706.89,319
2018,2,furniture_decor,38646.52,434
2018,2,housewares,35448.56,400
2018,2,cool_stuff,31002.21,187
2018,2,garden_tools,26838.03,296
2018,2,baby,25985.82,176
2018,2,perfumery,20632.7,215
2018,2,office_furniture,17774.78,109
2018,2,electronics,14780.6,332
2018,2,toys,14778.93,146
2018,2,telephony,14105.24,359
2018,2,unknown,12888.74,121
2018,2,consoles_games,11978.73,52
2018,2,stationery,11889.1,159
2018,2,fashion_bags_accessories,9786.63,107
2018,2,pet_shop,9595.03,102
2018,2,musical_instruments,9015.73,44
2018,2,construction_tools_construction,9003.97,69
2018,2,home_appliances_2,8998.83,21
2018,2,agro_industry_and_commerce,7404.8,27
2018,2,luggage_accessories,6604.35,47
2018,2,fixed_telephony,6138.67,12
2018,2,construction_tools_safety,5965.75,8
2018,2,home_appliances,5583.74,49
2018,2,home_construction,5303.9,39
2018,2,small_appliances,5245.16,32
2018,2,kitchen_dining_laundry_garden_furniture,4750.16,20
2018,2,industry_commerce_and_business,4735.59,37
2018,2,furniture_living_room,4402.78,26
2018,2,small_appliances_home_oven_and_coffee,3024.9,5
2018,2,home_confort,3012.76,21
2018,2,audio,2828.49,15
2018,2,air_conditioning,2626.89,12
2018,2,christmas_supplies,2059.65,24
2018,2,drinks,1967.44,32
2018,2,food,1933.42,39
2018,2,market_place,1920.92,28
2018,2,books_general_interest,1912.65,29
2018,2,construction_tools_lights,1610.8,17
2018,2,costruction_tools_garden,1538.25,20
2018,2,books_technical,1411.21,26
2018,2,costruction_tools_tools,1318.2,12
2018,2,art,1251.71,13
2018,2,furniture_bedroom,1094.8,8
2018,2,food_drink,1059.1,24
2018,2,fashion_shoes,1033.7,11
2018,2,signaling_and_security,715.79,15
2018,2,tablets_printing_image,694.97,13
2018,2,fashion_underwear_beach,399.3,7
2018,2,furniture_mattress_and_upholstery,389.4,6
2018,2,fashion_male_clothing,388.09,3
2018,2,books_imported,325.0,3
2018,2,music,244.97,2
2018,2,cine_photo,227.99,2
2018,2,flowers,134.48,4
2018,2,diapers_and_hygiene,100.0,4
2018,2,home_comfort_2,38.7,3
2018,2,fashio_female_clothing,29.99,1
2018,2,dvds_blu_ray,24.9,1
2018,3,watches_gifts,97861.08,430
2018,3,health_beauty,90034.41,673
2018,3,computers_accessories,85673.53,758
2018,3,sports_leisure,85292.17,761
2018,3,bed_bath_table,69256.39,798
2018,3,furniture_decor,52244.04,595
2018,3,auto,44753.24,344
2018,3,baby,41985.74,224
2018,3,cool_stuff,38353.22,256
2018,3,housewares,37514.44,407
2018,3,office_furniture,31301.62,202
2018,3,garden_tools,27612.25,262
2018,3,telephony,25804.89,344
2018,3,toys,23407.4,234
2018,3,perfumery,20473.25,202
2018,3,unknown,17378.11,135
2018,3,small_appliances,14260.15,37
2018,3,pet_shop,13643.69,124
2018,3,stationery,13152.74,164
2018,3,electronics,12554.8,261
2018,3,consoles_games,11858.72,58
2018,3,musical_instruments,10822.2,55
2018,3,audio,10606.69,34
2018,3,construction_tools_construction,10549.38,71
2018,3,fashion_bags_accessories,10261.58,139
2018,3,home_appliances,9876.59,70
2018,3,small_appliances_home_oven_and_coffee,7890.9,7
2018,3,agro_industry_and_commerce,6019.0,28
2018,3,luggage_accessories,5911.77,57
2018,3,home_appliances_2,5648.2,12
2018,3,home_construction,5639.51,44
2018,3,construction_tools_safety,5374.87,22
2018,3,furniture_living_room,3521.87,19
2018,3,industry_commerce_and_business,2922.45,29
2018,3,kitchen_dining_laundry_garden_furniture,2842.66,12
2018,3,air_conditioning,2667.58,25
2018,3,construction_tools_lights,2536.7,13
2018,3,home_confort,2522.38,21
2018,3,costruction_tools_garden,2497.23,23
2018,3,food_drink,2350.77,19
2018,3,fixed_telephony,1930.59,14
2018,3,books_general_interest,1711.93,39
2018,3,food,1559.9,35
2018,3,market_place,1548.74,17
2018,3,fashion_shoes,1252.8,12
2018,3,furniture_bedroom,1071.8,6
2018,3,drinks,962.7,21
2018,3,costruction_tools_tools,931.3,9
2018,3,signaling_and_security,921.9,9
2018,3,party_supplies,913.9,6
2018,3,books_technical,913.47,17
2018,3,christmas_supplies,854.95,12
2018,3,cine_photo,711.79,7
2018,3,art,461.5,7
2018,3,furniture_mattress_and_upholstery,440.0,4
2018,3,la_cuisine,389.0,1
2018,3,music,323.97,2
2018,3,fashion_underwear_beach,289.4,5
2018,3,tablets_printing_image,259.29,3
2018,3,books_imported,259.0,3
2018,3,diapers_and_hygiene,163.0,6
2018,3,fashio_female_clothing,119.96,4
2018,3,fashion_sport,89.9,1
2018,3,flowers,89.67,3
2018,3,fashion_childrens_clothes,79.98,2
2018,3,dvds_blu_ray,49.8,2
2018,3,home_comfort_2,34.99,1
2018,4,watches_gifts,92658.57,505
2018,4,health_beauty,91751.04,694
2018,4,bed_bath_table,72357.25,746
2018,4,sports_leisure,67528.08,600
2018,4,computers_accessories,59651.2,544
2018,4,furniture_decor,56793.01,594
2018,4,baby,49821.84,244
2018,4,auto,49629.19,356
2018,4,housewares,45405.96,471
2018,4,cool_stuff,35202.4,207
2018,4,garden_tools,35037.64,288
2018,4,toys,23352.38,205
2018,4,home_appliances_2,20741.69,23
2018,4,office_furniture,20194.72,133
2018,4,musical_instruments,19375.31,60
2018,4,pet_shop,18778.3,170
2018,4,perfumery,17790.31,175
2018,4,telephony,16636.84,284
2018,4,home_appliances,15124.25,106
2018,4,small_appliances_home_oven_and_coffee,13980.98,15
2018,4,computers,13774.92,15
2018,4,construction_tools_construction,13293.83,92
2018,4,small_appliances,12211.41,67
2018,4,stationery,11701.35,155
2018,4,electronics,11022.43,214
2018,4,home_construction,9318.5,76
2018,4,fashion_bags_accessories,9030.85,107
2018,4,luggage_accessories,8680.48,57
2018,4,unknown,8240.66,76
2018,4,consoles_games,7239.4,48
2018,4,audio,7045.07,31
2018,4,books_general_interest,6295.51,50
2018,4,industry_commerce_and_business,5690.61,53
2018,4,furniture_living_room,5133.73,34
2018,4,drinks,5016.44,54
2018,4,construction_tools_lights,4962.67,47
2018,4,agro_industry_and_commerce,4500.7,12
2018,4,air_conditioning,3261.79,23
2018,4,kitchen_dining_laundry_garden_furniture,3165.47,20
2018,4,construction_tools_safety,2887.26,24
2018,4,signaling_and_security,2222.3,36
2018,4,art,2140.28,26
2018,4,home_confort,1939.4,18
2018,4,fixed_telephony,1921.94,11
2018,4,music,1696.86,5
2018,4,food,1665.43,40
2018,4,furniture_bedroom,1470.9,8
2018,4,fashion_shoes,1438.7,11
2018,4,costruction_tools_tools,1332.99,17
2018,4,costruction_tools_garden,1326.79,18
2018,4,books_technical,1172.1,23
2018,4,market_place,627.23,15
2018,4,food_drink,605.07,18
2018,4,cine_photo,521.74,5
2018,4,fashion_underwear_beach,359.4,6
2018,4,books_imported,317.99,4
2018,4,la_cuisine,280.0,2
2018,4,christmas_supplies,275.15,12
2018,4,fashion_male_clothing,195.0,1
2018,4,fashio_female_clothing,174.95,5
2018,4,flowers,158.4,3
2018,4,diapers_and_hygiene,149.0,4
2018,4,dvds_blu_ray,92.5,5
2018,4,fashion_sport,89.9,1
2018,4,cds_dvds_musicals,65.0,1
2018,4,tablets_printing_image,52.0,1
2018,4,party_supplies,43.8,2
2018,4,arts_and_craftmanship,15.99,1
2018,4,home_comfort_2,12.9,1
2018,5,watches_gifts,123872.66,636
2018,5,health_beauty,96460.36,770
2018,5,bed_bath_table,71702.77,747
2018,5,housewares,63003.57,619
2018,5,sports_leisure,59664.11,492
2018,5,furniture_decor,54260.98,605
2018,5,computers_accessories,51515.73,464
2018,5,auto,40928.14,311
2018,5,garden_tools,37863.18,291
2018,5,baby,34003.6,245
2018,5,toys,31767.3,221
2018,5,cool_stuff,30039.11,176
2018,5,perfumery,24757.7,198
2018,5,telephony,21608.26,256
2018,5,office_furniture,21005.86,105
2018,5,construction_tools_construction,20748.6,125
2018,5,musical_instruments,18757.07,61
2018,5,electronics,16989.29,235
2018,5,home_appliances_2,14441.24,23
2018,5,stationery,12923.39,130
2018,5,pet_shop,11708.46,136
2018,5,fashion_bags_accessories,11519.16,111
2018,5,small_appliances,10620.99,48
2018,5,small_appliances_home_oven_and_coffee,10161.6,9
2018,5,home_construction,10155.28,79
2018,5,computers,9429.92,14
2018,5,construction_tools_safety,7298.51,29
2018,5,luggage_accessories,6618.46,49
2018,5,home_appliances,6149.67,64
2018,5,books_general_interest,6019.03,53
2018,5,consoles_games,5664.07,54
2018,5,construction_tools_lights,5477.81,41
2018,5,unknown,5094.94,45
2018,5,industry_commerce_and_business,3890.99,41
2018,5,agro_industry_and_commerce,3279.75,8
2018,5,books_technical,3055.48,56
2018,5,drinks,2790.98,48
2018,5,home_confort,2776.6,22
2018,5,furniture_living_room,2721.08,16
2018,5,audio,2697.68,21
2018,5,art,2691.86,36
2018,5,kitchen_dining_laundry_garden_furniture,2310.09,13
2018,5,cine_photo,2277.29,18
2018,5,air_conditioning,2051.2,15
2018,5,fixed_telephony,1946.1,17
2018,5,fashion_shoes,1582.7,10
2018,5,food,1542.93,44
2018,5,furniture_bedroom,1484.98,6
2018,5,food_drink,1239.44,25
2018,5,costruction_tools_garden,1073.28,16
2018,5,market_place,957.45,14
2018,5,music,729.0,5
2018,5,signaling_and_security,683.5,7
2018,5,christmas_supplies,524.53,6
2018,5,dvds_blu_ray,439.94,7
2018,5,costruction_tools_tools,417.9,5
2018,5,books_imported,410.92,10
2018,5,fashion_underwear_beach,207.4,6
2018,5,fashion_male_clothing,129.99,1
2018,5,diapers_and_hygiene,117.0,3
2018,5,party_supplies,100.7,4
2018,5,arts_and_craftmanship,89.8,1
2018,5,tablets_printing_image,49.9,1
2018,5,flowers,16.4,1
2018,6,health_beauty,107908.82,885
2018,6,watches_gifts,86885.56,481
2018,6,bed_bath_table,71565.48,773
2018,6,housewares,56825.45,584
2018,6,sports_leisure,45851.01,426
2018,6,auto,45407.49,300
2018,6,computers_accessories,42326.45,408
2018,6,furniture_decor,42190.22,405
2018,6,baby,30755.12,225
2018,6,perfumery,27335.86,189
2018,6,construction_tools_construction,22947.72,113
2018,6,telephony,22776.82,219
2018,6,toys,21221.45,191
2018,6,pet_shop,19491.78,178
2018,6,cool_stuff,19316.37,103
2018,6,garden_tools,18018.71,185
2018,6,musical_instruments,16177.92,47
2018,6,small_appliances,16022.7,50
2018,6,computers,13127.0,13
2018,6,stationery,12859.08,167
2018,6,office_furniture,12725.58,77
2018,6,electronics,9664.57,191
2018,6,home_construction,9094.59,71
2018,6,home_appliances_2,8312.72,19
2018,6,fashion_bags_accessories,7869.95,87
2018,6,consoles_games,6903.01,43
2018,6,home_appliances,5916.37,67
2018,6,signaling_and_security,5863.18,27
2018,6,luggage_accessories,5070.88,36
2018,6,construction_tools_lights,4583.41,44
2018,6,kitchen_dining_laundry_garden_furniture,3667.43,30
2018,6,air_conditioning,3567.9,15
2018,6,furniture_living_room,3541.62,29
2018,6,agro_industry_and_commerce,3515.8,10
2018,6,small_appliances_home_oven_and_coffee,3499.0,3
2018,6,books_general_interest,3345.39,39
2018,6,industry_commerce_and_business,2609.9,26
2018,6,construction_tools_safety,2565.37,16
2018,6,art,2500.14,28
2018,6,unknown,2387.13,23
2018,6,home_confort,2386.49,16
2018,6,fixed_telephony,2080.32,17
2018,6,audio,1830.69,20
2018,6,books_technical,1747.43,26
2018,6,drinks,1567.07,33
2018,6,furniture_bedroom,1559.99,9
2018,6,food,1371.18,24
2018,6,fashion_shoes,1230.58,10
2018,6,costruction_tools_garden,799.44,11
2018,6,market_place,556.46,7
2018,6,costruction_tools_tools,527.0,4
2018,6,books_imported,468.17,9
2018,6,fashion_male_clothing,447.8,7
2018,6,cine_photo,435.85,13
2018,6,dvds_blu_ray,382.88,6
2018,6,diapers_and_hygiene,321.0,7
2018,6,christmas_supplies,306.19,7
2018,6,food_drink,293.85,11
2018,6,fashion_underwear_beach,129.3,7
2018,6,music,109.08,3
2018,6,flowers,108.0,2
2018,6,fashion_childrens_clothes,89.99,1
2018,6,party_supplies,84.8,2
2018,6,tablets_printing_image,50.0,1
2018,6,home_comfort_2,25.8,2
2018,7,health_beauty,105813.03,784
2018,7,watches_gifts,96212.59,528
2018,7,housewares,63409.14,577
2018,7,sports_leisure,55292.68,468
2018,7,bed_bath_table,55082.82,624
2018,7,furniture_decor,45715.49,440
2018,7,auto,43830.29,344
2018,7,computers_accessories,41902.79,427
2018,7,cool_stuff,30551.61,121
2018,7,telephony,26939.41,225
2018,7,garden_tools,26173.78,179
2018,7,perfumery,22417.77,205
2018,7,baby,22185.96,222
2018,7,pet_shop,19583.74,160
2018,7,toys,17277.29,156
2018,7,stationery,17247.09,191
2018,7,construction_tools_construction,15237.47,115
2018,7,office_furniture,13775.27,82
2018,7,home_appliances_2,12597.32,23
2018,7,computers,11239.0,8
2018,7,electronics,11150.75,159
2018,7,musical_instruments,9541.8,37
2018,7,fixed_telephony,9319.39,11
2018,7,small_appliances,8711.25,43
2018,7,consoles_games,8519.11,49
2018,7,agro_industry_and_commerce,7756.69,30
2018,7,construction_tools_lights,7249.61,55
2018,7,home_construction,6780.15,61
2018,7,furniture_living_room,6779.63,55
2018,7,fashion_bags_accessories,6161.87,77
2018,7,luggage_accessories,5821.72,54
2018,7,costruction_tools_tools,5501.2,12
2018,7,unknown,5461.03,58
2018,7,home_appliances,5290.63,79
2018,7,small_appliances_home_oven_and_coffee,4699.67,15
2018,7,industry_commerce_and_business,4697.21,14
2018,7,books_general_interest,4077.45,25
2018,7,kitchen_dining_laundry_garden_furniture,3875.95,23
2018,7,signaling_and_security,3785.19,29
2018,7,food,3378.17,64
2018,7,home_confort,2984.38,24
2018,7,air_conditioning,2657.86,17
2018,7,books_technical,2106.81,28
2018,7,audio,2062.64,22
2018,7,costruction_tools_garden,1956.47,25
2018,7,construction_tools_safety,1888.95,15
2018,7,art,1843.2,21
2018,7,furniture_bedroom,1386.9,10
2018,7,drinks,1335.17,17
2018,7,cine_photo,1178.54,7
2018,7,music,849.3,3
2018,7,fashion_shoes,820.19,5
2018,7,food_drink,813.73,18
2018,7,arts_and_craftmanship,654.57,11
2018,7,christmas_supplies,509.56,8
2018,7,books_imported,402.78,8
2018,7,fashion_male_clothing,208.7,5
2018,7,market_place,186.78,4
2018,7,diapers_and_hygiene,149.8,4
2018,7,furniture_mattress_and_upholstery,129.9,1
2018,7,fashion_underwear_beach,109.8,2
2018,7,dvds_blu_ray,83.99,1
2018,7,party_supplies,57.5,2
2018,7,flowers,47.99,2
2018,7,home_comfort_2,38.7,3
2018,8,health_beauty,120803.94,849
2018,8,watches_gifts,72277.06,416
2018,8,bed_bath_table,61035.88,658
2018,8,housewares,60202.67,629
2018,8,sports_leisure,51500.16,475
2018,8,auto,45380.89,377
2018,8,furniture_decor,41380.15,433
2018,8,computers_accessories,40293.93,419
2018,8,telephony,37541.89,277
2018,8,perfumery,25017.69,223
2018,8,pet_shop,24857.07,199
2018,8,construction_tools_construction,22917.16,162
2018,8,baby,22004.15,217
2018,8,toys,17753.05,170
2018,8,garden_tools,16432.34,138
2018,8,cool_stuff,16354.58,123
2018,8,stationery,15563.65,170
2018,8,electronics,10769.47,120
2018,8,musical_instruments,10519.34,41
2018,8,home_appliances_2,9882.76,15
2018,8,computers,8711.5,12
2018,8,food,8256.18,116
2018,8,construction_tools_lights,8212.53,62
2018,8,fashion_bags_accessories,8177.43,127
2018,8,home_construction,7016.16,49
2018,8,luggage_accessories,6847.91,66
2018,8,small_appliances,6759.06,25
2018,8,office_furniture,6758.87,30
2018,8,home_appliances,6584.4,65
2018,8,furniture_living_room,5223.34,40
2018,8,agro_industry_and_commerce,5021.09,18
2018,8,consoles_games,4824.49,62
2018,8,unknown,4476.54,38
2018,8,construction_tools_safety,4070.12,26
2018,8,costruction_tools_garden,3688.76,23
2018,8,air_conditioning,3556.9,21
2018,8,small_appliances_home_oven_and_coffee,2996.72,17
2018,8,fixed_telephony,2724.17,10
2018,8,industry_commerce_and_business,2364.69,10
2018,8,home_confort,2241.28,16
2018,8,furniture_bedroom,2197.0,12
2018,8,kitchen_dining_laundry_garden_furniture,2156.47,21
2018,8,audio,2069.4,26
2018,8,signaling_and_security,1825.59,22
2018,8,books_general_interest,1564.78,36
2018,8,books_technical,1483.79,29
2018,8,art,1481.39,18
2018,8,drinks,1477.23,30
2018,8,party_supplies,1285.29,14
2018,8,costruction_tools_tools,1255.77,14
2018,8,food_drink,1028.61,21
2018,8,market_place,949.27,8
2018,8,arts_and_craftmanship,901.76,9
2018,8,books_imported,749.0,1
2018,8,cine_photo,685.28,10
2018,8,christmas_supplies,564.37,11
2018,8,music,497.81,6
2018,8,fashion_shoes,471.3,3
2018,8,fashion_male_clothing,381.69,3
2018,8,diapers_and_hygiene,231.89,3
2018,8,fashion_underwear_beach,219.9,2
2018,8,fashio_female_clothing,129.97,3
2018,8,fashion_sport,69.9,1
2018,8,dvds_blu_ray,8.9,1
2018,9,kitchen_dining_laundry_garden_furniture,145.0,1
